1	İHRACATI GELİŞTİRME MERKEZİ BİNASI	DIŞ CEPHE TEMİZLİK VE RESTORASYON İŞLEMİ	ANKARA	1986
2	İSTANBUL MÜFTÜLÜĞÜ CÜMLE KAPISI	DIŞ CEPHE TEMİZLİK VE RESTORASYON İŞLEMİ	FATİH	1986
3	VAKIF GUREBA HASTANESİ KAPISI	DIŞ CEPHE TEMİZLİK VE RESTORASYON İŞLEMİ	AKSARAY	1986
4	VAKIF GUREBA HASTANESİ BİNASI	DIŞ CEPHE TEMİZLİK VE RESTORASYON İŞLEMİ	AKSARAY	1986
5	İBB AÇIK HAVA TİYATROSU	DIŞ CEPHE TEMİZLİK VE RESTORASYON İŞLEMİ	HARBİYE	1986
6	GÜMÜŞSUYU VAKIF İŞ HANI	DIŞ CEPHE ONARIM VE BOYA İŞLEMİ	TAKSİM	1986
7	FIDIKLIYAN HAN	DIŞ CEPHE TEMİZLİK VE RESTORASYON İŞLEMİ	EMİNÖNÜ	1986
8	İBB GAZANFERAĞA KÜLLİYESİ	DIŞ CEPHE TEMİZLİK VE RESTORASYON İŞLEMİ	FATİH	1986
9	DESTEK REASÜRANS BİNASI	DIŞ CEPHE TEMİZLİK VE RESTORASYON İŞLEMİ	MAÇKA	1986
10	SÜMERBANK MERKEZ ŞUBE BİNASI	DIŞ CEPHE TEMİZLİK VE RESTORASYON İŞLEMİ	KARAKÖY	1987
11	VAKIF GUREBA HASTANESİ BİNASI	DIŞ CEPHE ONARIM VE BOYA İŞLEMİ	AKSARAY	1987
12	YAPI KREDİ VE HALK BANKASI BİNASI	DIŞ CEPHE TEMİZLİK VE RESTORASYON İŞLEMİ	KARAKÖY	1987
13	YASEMİN APT.	DIŞ CEPHE ONARIM VE BOYA İŞLEMİ	BEBEK	1987
14	SABANCI VİLLALARI	DIŞ CEPHE TEMİZLİK VE RESTORASYON İŞLEMİ	KANDİLLİ	1987
15	İBB BİNASI	DIŞ CEPHE TEMİZLİK VE RESTORASYON İŞLEMİ	FATİH	1988
16	İSTANBUL ADLİYESİ BİNASI	DIŞ CEPHE TEMİZLİK VE RESTORASYON İŞLEMİ	SULTANAHMET	1988
17	İSTANBUL ÜNİVERSİTESİ GİRİŞ KAPISI	DIŞ CEPHE TEMİZLİK VE RESTORASYON İŞLEMİ	BEYAZIT	1988
18	KADIRGA MEYDAN ÇEŞMESİ	DIŞ CEPHE TEMİZLİK VE RESTORASYON İŞLEMİ	KADIRGA	1988
19	ALBARAKA TÜRK KARAKÖY ŞB.	DIŞ CEPHE TEMİZLİK VE RESTORASYON İŞLEMİ	KARAKÖY	1988
20	BEYOĞLU KAYMAKAMLIĞI BİNASI	DIŞ CEPHE TEMİZLİK VE RESTORASYON İŞLEMİ	BEYOĞLU	1988
21	ŞAUP APT.	DIŞ CEPHE TEMİZLİK VE RESTORASYON İŞLEMİ	BEYOĞLU	1988
22	AYASPAŞA PALAS APT.	DIŞ CEPHE ONARIM VE BOYA İŞLEMİ	TAKSİM	1988
23	İNTERNATİONAL HOSPİTAL BİNASI	DIŞ CEPHE ONARIM VE BOYA İŞLEMİ	YEŞİLYURT	1988
24	DR. SAİT HAILAWİ BİNASI	DIŞ CEPHE ONARIM VE BOYA İŞLEMİ	YEŞİLYURT	1988
25	İSTANBUL DEVLET KÜTÜPHANESİ SEBİL.	DIŞ CEPHE TEMİZLİK VE RESTORASYON İŞLEMİ	BEYAZIT	1988
26	VAKIFLAR BANKASI EMİNÖNÜ ŞB.	DIŞ CEPHE TEMİZLİK VE RESTORASYON İŞLEMİ	EMİNÖNÜ	1988
27	UNKAPANI ÇEŞMESİ	DIŞ CEPHE TEMİZLİK VE RESTORASYON İŞLEMİ	UNKAPANI	1988
28	SAİNT ANTUAN KATOLİK KİLİSESİ	DIŞ CEPHE TEMİZLİK VE RESTORASYON İŞLEMİ	BEYOĞLU	1988
29	ÇEKOSLAVAKYA BAŞ KONS. BİNASI	DIŞ CEPHE TEMİZLİK VE RESTORASYON İŞLEMİ	MAÇKA	1988
30	EMLAK BANKASI BİNASI	DIŞ CEPHE TEMİZLİK VE RESTORASYON İŞLEMİ	ANKARA	1988
31	UNPAŞ İŞ HANI VE FABRİKA BİNASI	DIŞ CEPHE ONARIM VE BOYA İŞLEMİ	ÇORLU	1989
32	YAPI VE KREDİ BEYOĞLU ŞB.	DIŞ CEPHE TEMİZLİK VE RESTORASYON İŞLEMİ	BEYOĞLU	1989
33	SPOR VE SERGİ SARAYI BİNASI	DIŞ CEPHE TEMİZLİK VE RESTORASYON İŞLEMİ	HARBİYE	1989
34	ENGİN APT.	DIŞ CEPHE TEMİZLİK VE RESTORASYON İŞLEMİ	AYASPAŞA	1989
35	TUNGA APT.	DIŞ CEPHE TEMİZLİK VE RESTORASYON İŞLEMİ	NİŞANTAŞI	1989
36	PAMUKBANK SİRKECİ ŞB.	DIŞ CEPHE TEMİZLİK VE RESTORASYON İŞLEMİ	EMİNÖNÜ	1989
37	EROL TEKSTİL BİNASI	DIŞ CEPHE ONARIM VE BOYA İŞLEMİ	OSMANBEY	1989
38	ÇANKAYA APT.	DIŞ CEPHE TEMİZLİK VE RESTORASYON İŞLEMİ	ŞİŞLİ	1989
39	T.E.V. HASIRCILAR BİNASI	DIŞ CEPHE KISMİ ONARIM VE BOYA İŞLEMİ	EMİNÖNÜ	1989
40	BEYOĞLU ÖĞRETMENEVİ BİNASI	DIŞ CEPHE TEMİZLİK VE RESTORASYON İŞLEMİ	BEYOĞLU	1990
41	SARKUYSAN İŞ MERKEZİ	DIŞ CEPHE TEMİZLİK VE RESTORASYON İŞLEMİ	ŞİŞHANE	1990
42	OTEL NAZAR	DIŞ CEPHE ONARIM VE BOYA İŞLEMİ	LALELİ	1990
43	SOLAKOĞLU APT.	DIŞ CEPHE ONARIM VE BOYA İŞLEMİ	FATİH	1990
44	TOZMETAL A.Ş. BİNASI	DIŞ CEPHE ONARIM VE BOYA İŞLEMİ	GAYRETTEPE	1990
45	KURTKAYA HOLDİNG BİNASI	DIŞ CEPHE ONARIM VE BOYA İŞLEMİ	EMİNÖNÜ	1990
46	KARAHAN APT.	DIŞ CEPHE ONARIM VE BOYA İŞLEMİ	NİŞANTAŞI	1990
47	AZMİ ÖGER VİLLASI	DIŞ CEPHE ONARIM VE BOYA İŞLEMİ	KUMBURGAZ	1990
48	NARLIKAPI ERMENİ KİLİSESİ	DIŞ CEPHE TEMİZLİK VE RESTORASYON İŞLEMİ	SAMATYA	1990
49	TEB FINDIKLI ŞB.	DIŞ CEPHE TEMİZLİK VE RESTORASYON İŞLEMİ	FINDIKLI	1990
50	SARKUYSAN FABRİKA BİNASI	DIŞ CEPHE ONARIM VE BOYA İŞLEMİ	ÇAYIROVA	1990
51	A. LEVENT APT.	DIŞ CEPHE ONARIM VE BOYA İŞLEMİ	MECİDİYEKÖY	1990
52	OCAK APT.	DIŞ CEPHE ONARIM VE BOYA İŞLEMİ	ETİLER	1990
53	BAŞER KARDEŞLER FABRİKA BİNASI	DIŞ CEPHE ONARIM VE BOYA İŞLEMİ	AVCILAR	1990
54	ESEN APT.	DIŞ CEPHE ONARIM VE BOYA İŞLEMİ	SELAMİÇEŞME	1990
55	PRF. DR. ERMAN TULGAR VİLLASI	DIŞ CEPHE ONARIM VE BOYA İŞLEMİ	SİLİVRİ	1990
56	JAK HAİM VİLLASI	DIŞ CEPHE ONARIM VE BOYA İŞLEMİ	LEVENT	1990
57	ZEKİ ALASYA VİLLASI	DIŞ, İÇ CEPHE ONARIM VE BOYA İŞLEMİ	LEVENT	1990
58	FATİH İŞ MERKEZİ	DIŞ CEPHE ONARIM VE BOYA İŞLEMİ	MECİDİYEKÖY	1990
59	HAKKI DEMİR İŞ HANI	DIŞ CEPHE ONARIM VE BOYA İŞLEMİ	NİŞANTAŞI	1990
60	GÜNDOĞDU APT.	DIŞ CEPHE ONARIM VE BOYA İŞLEMİ	ERENKÖY	1990
61	ALBAYRAK İŞ MERKEZİ	DIŞ CEPHE ONARIM VE BOYA İŞLEMİ	MECİDİYEKÖY	1990
62	TÜRKİYE GAZETESİ HASTANESİ	DIŞ CEPHE TEMİZLİK VE RESTORASYON İŞLEMİ	OKMEYDANI	1991
63	HÜRRİYET GAZETESİ MERKEZİ	İÇ DEKORASYON İŞLEMİ	YENİKAPI	1991
64	YARDIM İŞ MERKEZİ	DIŞ CEPHE ONARIM VE BOYA İŞLEMİ	BAĞLARBAŞI	1991
65	AKBAŞOĞLU İŞ HANI	DIŞ CEPHE TEMİZLİK VE RESTORASYON İŞLEMİ	KARAKÖY	1991
66	YENİ BELDEMİZ YAPI KOOP.	ÇATI ONARIM VE YALITIM İŞLEMİ	TARABYA	1991
67	DEVEKUŞU KABARE TİYATROSU	İÇ CEPHE ONARIM VE BOYA İŞLEMİ	TAKSİM	1991
68	SELİMOĞLU APT.	DIŞ CEPHE ONARIM VE BOYA İŞLEMİ	ERENKÖY	1991
69	YILMAZ TAŞKENT VİLLASI	DIŞ CEPHE ONARIM VE BOYA İŞLEMİ	İDEALTEPE	1991
70	ATATÜRK MÜZESİ BİNASI	DIŞ CEPHE TEMİZLİK VE RESTORASYON İŞLEMİ	ŞİŞLİ	1991
71	ERMENEGİLDO ZEGNA BİNASI	DIŞ CEPHE ONARIM VE BOYA İŞLEMİ	NİŞANTAŞI	1991
72	İZİ ŞERİTÇİOĞLU BİNASI	DIŞ CEPHE ONARIM VE BOYA İŞLEMİ	ETİLER	1991
73	SELİM UYAR BİNASI	TEMEL YALITIM İŞLEMİ	BEŞİKTAŞ	1991
74	BAĞDAT İŞ HANI	DIŞ CEPHE ONARIM VE BOYA İŞLEMİ	NİŞANTAŞI	1991
75	BULVAR PALAS	DIŞ CEPHE ONARIM VE BOYA İŞLEMİ	ERENKÖY	1991
76	KASTEL İŞ MRK. B BL.	DIŞ CEPHE ONARIM VE BOYA İŞLEMİ	KASIMPAŞA	1991
77	DENGE DENETİM YMM. AŞ BİNASI	İÇ DEKORASYON İŞLEMİ	KASIMPAŞA	1991
78	GOETZE İSTANBUL SEGMAN BİNASI	DIŞ CEPHE ONARIM VE BOYA İŞLEMİ	MASLAK	1991
79	AS APT.	DIŞ CEPHE KISMİ ONARIM VE BOYA İŞLEMİ	MODA	1991
80	MİLO KONAK	DIŞ CEPHE ONARIM VE BOYA İŞLEMİ	SELAMİÇEŞME	1991
81	ARSLANLI ÖRME SANAYİ AŞ. BİNASI	DIŞ CEPHE ONARIM, BOYA VE ÇATI YALITIM İŞLEMİ	TOPKAPI	1991
82	NUR SUNİ DERİ SANAYİ AŞ. BİNASI	ÇATI ONARIM VE YALITIM İŞLEMİ	KAĞITHANE	1991
83	HOTEL KYBELE	DIŞ CEPHE ONARIM VE BOYA İŞLEMİ	SULTANAHMET	1991
84	PALMİYE APT.	DIŞ CEPHE ONARIM, BOYA VE ÇATI YALITIM İŞLEMİ	BÜYÜKADA	1991
85	ZİYAPAŞA APT.	ÇATI ONARIM VE YALITIM İŞLEMİ	BÜYÜKADA	1991
86	ORHAN AYTEK İŞ MERKEZİ	TERAS YALITIM İŞLEMİ	TOPKAPI	1991
87	ORAN APT.	DIŞ CEPHE ONARIM VE BOYA İŞLEMİ	SUADİYE	1991
88	MARKİZ İŞ HANI	DIŞ CEPHE ONARIM VE BOYA İŞLEMİ	ETİLER	1992
89	FEM DERSANESİ BİNASI	DIŞ CEPHE TEMİZLİK VE RESTORASYON İŞLEMİ	TAKSİM	1992
90	ŞARK EKSPRES BİNASI	DIŞ CEPHE ONARIM VE BOYA İŞLEMİ	CİHANGİR	1992
91	TİTİZ & SİSTEMA FABRİKA BİNASI	DIŞ CEPHE ONARIM VE BOYA İŞLEMİ	KAĞITHANE	1992
92	GÜNAYDIN APT.	DIŞ CEPHE ONARIM VE BOYA İŞLEMİ	GÜMÜŞSUYU	1992
93	HAKTAN HAN	DIŞ CEPHE ONARIM VE BOYA İŞLEMİ	KABATAŞ	1992
94	BAYER APT.	DIŞ CEPHE ONARIM VE BOYA İŞLEMİ	NİŞANTAŞI	1992
95	TÜRKSAN SİT. 2. BL.	DIŞ CEPHE ONARIM VE BOYA İŞLEMİ	ETİLER	1992
96	POLİPLAST AŞ. BİNASI	ANAHTAR TESLİM FABRİKA İNŞAATI	HADIMKÖY	1992
97	UFUK APT.	DIŞ CEPHE ONARIM VE BOYA İŞLEMİ	AKATLAR	1992
98	MİTHATPAŞA APT.	DIŞ CEPHE ONARIM VE BOYA İŞLEMİ	GÜMÜŞSUYU	1992
99	KEMER APT.	DIŞ CEPHE KISMİ ONARIM VE BOYA İŞLEMİ	AKATLAR	1992
100	YEŞİLYURT SİT. 2. BL.	DIŞ CEPHE ONARIM VE BOYA İŞLEMİ	YEŞİLYURT	1992
101	HOTEL NİZAPARK	DIŞ CEPHE ONARIM, BOYA VE ÇATI YALITIM İŞLEMİ	ESENTEPE	1992
102	IMP. HOLDİNG BİNASI	ÇATI ONARIM VE YALITIM İŞLEMİ	FINDIKLI	1992
103	100. YIL YÜZME HAVUZU	İÇ DEKORASYON İŞLEMİ	AFYON	1992
104	TOFAŞ BAŞAR NUHOĞLU BİNASI	DIŞ, İÇ CEPHE ONARIM VE BOYA İŞLEMİ	KÜÇÜKYALI	1992
105	ENGİN KONAK APT.	DIŞ CEPHE ONARIM VE BOYA İŞLEMİ	ULUS	1992
106	KANTA APT.	DIŞ CEPHE ONARIM VE BOYA İŞLEMİ	ORTAKÖY	1992
107	GARANTİ BANK. KAYSERİ BÖL. MÜD.	DIŞ CEPHE ONARIM VE BOYA İŞLEMİ	KAYSERİ	1992
108	LEON COŞKUN BİNASI	DIŞ CEPHE ONARIM VE BOYA İŞLEMİ	BURGAZADA	1993
109	ALİ NİZAMOĞLU BİNASI	DIŞ CEPHE ONARIM, BOYA VE ÇATI YALITIM İŞLEMİ	ARNAVUTKÖY	1993
110	OCAK APT.	DIŞ, İÇ CEPHE ONARIM VE BOYA İŞLEMİ	OSMANBEY	1993
111	AZRAK BİNASI	DIŞ CEPHE TEMİZLİK VE RESTORASYON İŞLEMİ	ŞİŞLİ	1993
112	ANDON PERA BİNASI	DIŞ CEPHE TEMİZLİK VE RESTORASYON İŞLEMİ	TAKSİM	1993
113	ENGİN KONAK APT.	DIŞ CEPHE ONARIM VE BOYA İŞLEMİ	ULUS	1993
114	B. ÇAMLICA KURAN KURSU BİNASI	TEMEL YALITIM İŞLEMİ	ÇAMLICA	1993
115	KIRKLAR ÖĞR. YURDU BİNASI	TERAS YALITIM İŞLEMİ	GÜLTEPE	1993
116	ÇELEBİLER APT.	DIŞ, İÇ CEPHE ONARIM, BOYA VE TERAS YALITIM İŞL.	AYASPAŞA	1993
117	DENGE DENETİM YMM. AŞ BİNASI	İÇ DEKORASYON İŞLEMİ	KASIMPAŞA	1993
118	EM. SUBAY EVL. 60. BL.	DIŞ CEPHE ONARIM VE BOYA İŞLEMİ	ESENTEPE	1993
119	BEYAZ KONAK APT.	DIŞ CEPHE ONARIM, BOYA VE ÇATI YALITIM İŞLEMİ	ULUS	1993
120	MUKADDES 2 APT.	DIŞ, İÇ CEPHE ONARIM VE BOYA İŞLEMİ	GÖZTEPE	1993
121	BAŞER COLGATE BİNASI	DIŞ CEPHE ONARIM VE BOYA İŞLEMİ	KOZYATAĞI	1993
122	İNTERBANK GENEL MÜD. BİNASI	ÇATI ONARIM VE YALITIM İŞLEMİ	ESENTEPE	1993
123	KAPTAN APT.	ÇATI ONARIM VE YALITIM İŞLEMİ	SUADİYE	1993
124	SAMİ FRESKO BİNASI	DIŞ CEPHE ONARIM VE BOYA İŞLEMİ	ULUS	1993
125	AYDIN SARAY İŞ HANI	DIŞ CEPHE ONARIM VE BOYA İŞLEMİ	BEYAZIT	1993
126	MERİÇ KURTBÜKE VİLLA	DIŞ CEPHE ONARIM VE BOYA İŞLEMİ	ETİLER	1993
127	DR. FERHAT AKAT VİLLA	ÇATI ONARIM VE YALITIM İŞLEMİ	LEVENT	1993
128	KENT APT.	DIŞ CEPHE ONARIM VE BOYA İŞLEMİ	LEVENT	1993
129	GÜVENÇ ÇİFTLİĞİ	PERDE İZOLASYOLU	KURTKÖY	1993
130	KUDRET APT.	DIŞ CEPHE ONARIM VE BOYA İŞLEMİ	BAKIRKÖY	1993
131	HATİPOĞLU APT.	DIŞ CEPHE ONARIM VE BOYA İŞLEMİ	FENERYOLU	1993
132	BEYAZYALI APT.	DIŞ CEPHE ONARIM VE BOYA İŞLEMİ	KÜÇÜKÇEKMECE	1993
133	ARAP TÜRK BANKASI BİNASI	DIŞ CEPHE ONARIM, BOYA VE MERMER KAPLAMA 	NİŞANTAŞI	1993
134	DOSTLAR APT.	DIŞ CEPHE ONARIM VE BOYA İŞLEMİ	SUADİYE	1993
135	MURAT APT.	DIŞ CEPHE ONARIM VE BOYA İŞLEMİ	SELAMİÇEŞME	1993
136	FUATBEY APT.	DIŞ CEPHE ONARIM VE BOYA İŞLEMİ	SELAMİÇEŞME	1993
137	FATİH KOLEJİ	DIŞ CEPHE KISMİ ONARIM VE BOYA İŞLEMİ	FATİH	1993
138	A.TAMER AZAK İNŞ. BİNASI	DIŞ CEPHE ONARIM, BOYA VE TERAS YALITIM İŞLEMİ	BEŞİKTAŞ	1993
139	AKŞİT ÖĞR. YURDU BİNASI	DIŞ CEPHE ONARIM VE BOYA İŞLEMİ	TAKSİM	1993
140	TABAKÇI ÖĞR. YURDU BİNASI	ÇATI VE TERAS ONARIM, YALITIM İŞLEMİ	TAKSİM	1993
141	PAKİSTAN HAVA YOLLARI BİNASI	TERAS YALITIM İŞLEMİ	TAKSİM	1994
142	AK SANAYİ SİT. 2. KISIM	TERAS YALITIM İŞLEMİ	ÜMRANİYE	1994
143	SAKAOĞLU İNŞAAT BİNASI	DIŞ CEPHE RESTORASYON İŞLEMİ	NİŞANTAŞI	1994
144	MUSTAFA DÜNDAR BİNASI	DIŞ CEPHE ONARIM VE BOYA İŞLEMİ	KOŞUYOLU	1994
145	HUZUR APT.	DIŞ, İÇ CEPHE ONARIM VE BOYA İŞLEMİ	CADDEBOSTAN	1994
146	YAŞAR HABİB BİNASI	TERAS YALITIM İŞLEMİ	ULUS	1994
147	HANIMELİ ÇİÇEKÇİLİK BİNASI	ZEMİN YALITIM İŞLEMİ	TEŞVİKİYE	1994
148	KEMAL AMONOEL BİNASI	DIŞ CEPHE ONARIM, BOYA VE TERAS YALITIM İŞLEMİ	TAKSİM	1994
149	BONJUR ZAVARO BİNASI	DIŞ CEPHE ONARIM, BOYA VE ZEMİN YALITIM İŞLEMİ	BÜYÜKADA	1994
150	YUSUF AKARİ VİLLA	İÇ CEPHE ONARIM VE BOYA İŞLEMİ	SİNANOBA	1994
151	VATAN MOBİLYA BİNASI	ÇATI VE TERAS ONARIM, YALITIM İŞLEMİ	DUDULLU	1994
152	ERENKÖY PALAS APT.	DIŞ CEPHE ONARIM VE BOYA İŞLEMİ	ERENKÖY	1994
153	EREN DENİZCİLİK BİNASI	MİNERAL SIVA VE TERAS YALITIM İŞLEMİ	TUZLA	1994
154	KAYSERİLİLER APT.	DIŞ CEPHE ONARIM VE BOYA İŞLEMİ	ERENKÖY	1994
155	VARDAR APT. A-B BL.	DIŞ CEPHE ONARIM VE BOYA İŞLEMİ	SUADİYE	1994
156	AV. MİTHAT KONA APT.	DIŞ CEPHE ONARIM VE BOYA İŞLEMİ	MODA	1994
157	MURAT APT.	ÇATI TAMİR YALITIM İŞLEMİ	BEŞİKTAŞ	1994
158	HOME STORE BİNASI	DIŞ, İÇ CEPHE ONARIM VE BOYA İŞLEMİ	ULUS	1994
159	ALP PALAS APT.	İÇ CEPHE ONARIM VE BOYA İŞLEMİ	NİŞANTAŞI	1994
160	BÜYÜK ABUEFENDİ HAN	DIŞ CEPHE ONARIM VE BOYA İŞLEMİ	EMİNÖNÜ	1994
161	KUTLU MEMİŞOĞLU VİLLA	DIŞ CEPHE ONARIM VE BOYA İŞLEMİ	DRAGOS	1994
162	HUZUR APT.	DIŞ CEPHE KISMİ ONARIM VE BOYA İŞLEMİ	MODA	1994
163	CİHANGİR APT.	DIŞ CEPHE ONARIM VE BOYA İŞLEMİ	SUADİYE	1994
164	KADOSAN SANAYİ SİT.	DIŞ CEPHE ONARIM VE BOYA İŞLEMİ	DUDULLU	1994
165	K. KAHVECİ MEH. EF. FAB. BİNASI	DIŞ CEPHE ONARIM VE BOYA İŞLEMİ	DUDULLU	1994
166	İSMET TÜRK İNŞ.	DIŞ CEPHE KISMİ ONARIM VE BOYA İŞLEMİ	ACIBADEM	1994
167	ÖZYEŞİL APT.	İÇ CEPHE ONARIM VE BOYA İŞLEMİ	GÖZTEPE	1994
168	EMRE NİŞANCI BİNASI	DIŞ CEPHE ONARIM VE BOYA İŞLEMİ	RUMELİHİSARI	1994
169	PROF. DR. DEMİR BUDAK BİNASI	DIŞ CEPHE ONARIM VE BOYA İŞLEMİ	ETİLER	1994
170	H5 BL.	DIŞ CEPHE ONARIM VE BOYA İŞLEMİ	ATAKÖY	1994
171	MEHMET ALİ ŞENOL BİNASI	DIŞ CEPHE KISMİ ONARIM VE BOYA İŞLEMİ	KÜÇÜKKÖY	1994
172	TİRYAKİOĞLU APT.	DIŞ, İÇ CEPHE ONARIM VE BOYA İŞLEMİ	ERENKÖY	1994
173	NİLÜFER APT.	DIŞ CEPHE ONARIM VE BOYA İŞLEMİ	BAKIRKÖY	1994
174	MARMADOS SİT. 17. BL.	DIŞ CEPHE ONARIM VE BOYA İŞLEMİ	TUZLA	1994
175	YALI APT.	TERAS YALITIM VE İÇ BOYA İŞLEMİ	SUADİYE	1994
176	PAŞADAN APT.	DIŞ, İÇ CEPHE ONARIM VE BOYA İŞLEMİ	ERENKÖY	1994
177	İSMET DAYIOĞLU BİNASI	TERAS YALITIM İŞLEMİ	SUADİYE	1994
178	L.P DEKORASYON	DIŞ CEPHE ONARIM VE BOYA İŞLEMİ	ULUS	1994
179	EMİN SARAÇOĞLU BİNASI	SU DEPOSU ONARIM VE YALITIM İŞLEMİ	ULUS	1994
180	RENK APT.	DIŞ CEPHE ONARIM VE BOYA İŞLEMİ	BAKIRKÖY	1994
181	DENİZ APT.	DIŞ CEPHE ONARIM VE BOYA İŞLEMİ	BAKIRKÖY	1994
182	KORU APT.	DIŞ CEPHE ONARIM VE BOYA İŞLEMİ	BAKIRKÖY	1994
183	ERKUL YURT BİNASI	MİNERAL SIVA VE TERAS YALITIM İŞLEMİ	İSTİNYE	1994
184	ESEN APT.	ÇATI VE TERAS ONARIM, YALITIM İŞLEMİ	SELAMİÇEŞME	1994
185	ÇAMLICA APT.	DIŞ CEPHE ONARIM VE BOYA İŞLEMİ	ŞİŞLİ	1994
186	DEMİRHAN AKYÜZ BİNASI	DIŞ CEPHE ONARIM VE BOYA İŞLEMİ	ŞİŞLİ	1994
187	ANIL APT.	DIŞ CEPHE ONARIM VE BOYA İŞLEMİ	BAKIRKÖY	1994
188	RİDANİYE ÖĞRENCİ YURDU BİNASI	TERAS YALITIM İŞLEMİ	ÜSKÜDAR	1994
189	FAHRİ FAYSAL TUNÇ BİNASI	MİNERAL SIVA İŞLEMİ	KARAKÖY	1994
190	RUS KONSOLOSLUĞU BİNASI	DIŞ CEPHE ONARIM VE BOYA İŞLEMİ	KARAKÖY	1995
191	ASLI CAN İŞHANI	DIŞ CEPHE ONARIM VE BOYA İŞLEMİ	HADIMKÖY	1995
192	DUYGU KONUT	ÇATI VE YAN CEPHE ONDÜLİN KAPLAMA İŞLEMİ	ETİLER	1995
193	HOTEL NİZAPARK	İÇ CEPHE ONARIM VE BOYA İŞLEMİ	ESENTEPE	1995
194	FANEL GİYİM SAN. BİNASI	DIŞ CEPHE ONARIM VE BOYA İŞLEMİ	ÇAĞLAYAN	1995
195	DEMET APT.	DIŞ CEPHE ONARIM, BOYA VE SU DEPOSU YAPIM İŞ.	ETİLER	1995
196	ESEM A.Ş BİNASI	DIŞ CEPHE ONARIM VE BOYA İŞLEMİ	BOMONTİ	1995
197	POLAT ESİN 12 APT.	DIŞ, İÇ CEPHE ONARIM, BOYA VE ÇATI YALITIM İŞL.	GAYRETTEPE	1995
198	İHSAN AKDENİZ İŞ MRK.	TEMEL YALITIM İŞLEMİ	İKİTELLİ	1995
199	PİRAYE UZUN ERDEM ERTUNDA BİNASI	TERAS YALITIM İŞLEMİ	ETİLER	1995
200	ÇETİN PELİT BİNASI	TERAS YALITIM İŞLEMİ	BAYRAMOĞLU	1995
201	ROBER SUSA BİNASI	TERAS YALITIM İŞLEMİ	BÜYÜKADA	1995
202	ASLI TEKSTİL BİNASI	İÇ DEKORASYON İŞLEMİ	MERTER	1995
203	ŞELALE APT.	YAN CEPHE ONDÜLİN KAPLAMA, İÇ BOYA İŞLEMİ	NİŞANTAŞI	1995
204	SİLAY APT.	DIŞ CEPHE ONARIM VE BOYA İŞLEMİ	BALMUMCU	1995
205	BOĞAZİÇİ APT.	DIŞ CEPHE ONARIM, BOYA VE ÇATI-TERAS YALITI İŞL.	BALTALİMANI	1995
206	ÇELİK APT. A-B-C BL.	DIŞ CEPHE ONARIM VE BOYA İŞLEMİ	GAYRETTEPE	1995
207	HAREKET SİT. 2. BL	DIŞ CEPHE ONARIM, BOYA VE ÇATI YALITIM İŞLEMİ	ETİLER	1995
208	1.YILDIZ SİT.	DIŞ CEPHE ONARIM VE BOYA İŞLEMİ	BAKIRKÖY	1995
209	SÜMER APT.	DIŞ, İÇ CEPHE ONARIM VE BOYA İŞLEMİ	SELAMİÇEŞME	1995
210	DAĞ APT.	ÇATI ONARIM VE YALITIM İŞLEMİ	TAKSİM	1995
211	VEZİROĞLU APT.	DIŞ CEPHE ONARIM VE BOYA İŞLEMİ	NİŞANTAŞI	1995
212	DÜNYA APT. A-B BL.	DIŞ CEPHE ONARIM, BOYA VE ÇATI YALITIM İŞLEMİ	MODA	1995
213	DOĞAN APT.	TEMEL YALITIM İŞLEMİ	ETİLER	1995
214	UĞUR DERMAN VİLLA	DIŞ CEPHE ONARIM, BOYA VE ÇATI YALITIM İŞLEMİ	HEREKE	1995
215	HAREKET SİT. 1. BL.	DIŞ CEPHE ONARIM VE BOYA İŞLEMİ	ETİLER	1995
216	OCAK KENT KOOP. 3. BL.	DIŞ CEPHE KISMİ ONARIM, BOYA VE TERAS YALITIM	GÜRPINAR	1995
217	TANGÜN APT.	DIŞ CEPHE ONARIM VE BOYA İŞLEMİ	CADDEBOSTAN	1995
218	AKIN SİTESİ	ÇATI ONARIM VE YALITIM İŞLEMİ	GAYRETTEPE	1995
219	ARILI PLASTİK A.Ş FABRİKA BİNASI	DIŞ CEPHE ONARIM VE BOYA İŞLEMİ	KURTKÖY	1995
220	O 64 BL.	DIŞ CEPHE ONARIM VE BOYA İŞLEMİ	ATAKÖY	1995
221	İPEK DEMREN ÜLKÜ FAKS BİNASI	DIŞ CEPHE MERMER TEMİZLİK VE CİLA İŞLEMİ	NİŞANTAŞI	1995
222	METİN APT	ÇATI TAMİR YALITIM İŞLEMİ	ETİLER	1995
223	ACAR KENT C BL.	İNŞAAT VE DEKORASYON İŞLEMİ	BEYKOZ	1995
224	ÖZATALAR APT.	ÇATI VE TERAS ONARIM, YALITIM İŞLEMİ	ÜSKÜDAR	1995
225	SÖKMEN APT.	DIŞ, İÇ CEPHE ONARIM VE BOYA İŞLEMİ	KÜÇÜKYALI	1995
226	N3 940 BL.	ÇATI ONARIM VE YALITIM İŞLEMİ	ATAKÖY	1995
227	TÜTAV VAKFI POLİKLİNİK BİNASI	TERAS, BANYO YALITIM İŞLEMİ	FATİH	1995
228	SARICA APT.	DIŞ CEPHE ONARIM VE BOYA İŞLEMİ	ERENKÖY	1995
229	ESEN APT.	DIŞ CEPHE ONARIM, BOYA VE YENİ ÇATI YAPIM İŞL.	SELAMİÇEŞME	1996
230	ÇAĞ APT.	DIŞ CEPHE ONARIM VE BOYA İŞLEMİ	ULUS	1996
231	ULUS KOOP. 4. BL.	DIŞ CEPHE ONARIM VE BOYA İŞLEMİ	ULUS	1996
232	HUZUR APT.	ÇATI ONARIM, YALITIM VE İÇ BOYA İŞLEMİ	BAKIRKÖY	1996
233	ŞAHİNOĞLU APT. A-B BL.	DIŞ CEPHE ONARIM VE BOYA İŞLEMİ	GÖZTEPE	1996
234	DERVİŞOĞLU APT.	DIŞ CEPHE ONARIM VE BOYA İŞLEMİ	ERENKÖY	1996
235	İPEK APT.	DIŞ CEPHE ONARIM VE BOYA İŞLEMİ	ÇİFTEHAVUZLAR	1996
236	SAADET APT.	DIŞ CEPHE ONARIM VE BOYA İŞLEMİ	ÇİFTEHAVUZLAR	1996
237	ÖZEL NAKİPOĞLU ANADOLU LİSESİ	TEMEL YALITIM İŞLEMİ	ESENLER	1996
238	FULYALI SİTESİ	DIŞ CEPHE ONARIM VE BOYA İŞLEMİ	GAYRETTEPE	1996
239	SİLAHTAR HAN	ÇATI ONARIM VE YALITIM İŞLEMİ	NİŞANTAŞI	1996
240	METİN APT.	ÇATI ONARIM VE YALITIM İŞLEMİ	BALMUMCU	1996
241	ORKİDE-ZAMBAK-YASEMİN APT.	DIŞ CEPHE MERMER TEMİZLİK VE CİLA İŞLEMİ	ŞİŞLİ	1996
242	ŞANS APT.	DIŞ CEPHE ONARIM VE BOYA İŞLEMİ	FULYA	1996
243	BAŞAK APT.	DIŞ, İÇ CEPHE ONARIM VE BOYA İŞLEMİ	GÖZTEPE	1996
244	DADAŞ APT.	DIŞ CEPHE ONARIM VE BOYA İŞLEMİ	ETİLER	1996
245	DİLEK APT.	DIŞ CEPHE ONARIM VE BOYA İŞLEMİ	ETİLER	1996
246	DOĞAN APT.	DIŞ CEPHE ONARIM VE BOYA İŞLEMİ	ETİLER	1996
247	ULUS KOOP. 6. BL.	DIŞ CEPHE ONARIM VE BOYA İŞLEMİ	ULUS	1996
248	HÜLYA APT.	DIŞ CEPHE ONARIM VE BOYA İŞLEMİ	CADDEBOSTAN	1996
249	ÇİÇEK APT.	DIŞ CEPHE ONARIM VE BOYA İŞLEMİ	SELAMİÇEŞME	1996
250	ABDURRAHMAN BAŞ ÖĞR. YURDU	TEMEL YALITIM İŞLEMİ	UNKAPANI	1996
251	AKÜREN APT.	DIŞ, İÇ CEPHE ONARIM VE BOYA İŞLEMİ	YEŞİLYURT	1996
252	ATİLLA HAN	ÇATI ONARIM VE YALITIM İŞLEMİ	TOPKAPI	1996
253	AYGEN APT.	DIŞ, İÇ CEPHE ONARIM VE BOYA İŞLEMİ	BEBEK	1996
254	MURAT ÖZAYDINLI BİNASI	TEMEL YALITIM İŞLEMİ	BALMUMCU	1996
255	ÖZEL YILDIRIM BEYAZIT İLKÖĞ. OKULU	ÇATI ONARIM VE YALITIM İŞLEMİ	MERTER	1996
256	ORHAN APT.	DIŞ, İÇ CEPHE ONARIM, BOYA VE ÇATI YALITIM İŞL.	SUADİYE	1996
257	MAVİ BELDE KOOP.	TEMEL YALITIM İŞLEMİ	YAKACIK	1996
258	ERTUNGA MİMARLIK	PREFABRİK MÜŞTEMİLAT YAPIMI	ETİLER	1996
259	FARBE POSTALAMA BİNASI	İÇ CEPHE ONARIM VE BOYA İŞLEMİ	TAKSİM	1996
260	OXFORD UNIVERSITY PRESS	İÇ DEKORASYON İŞLEMİ	KADIKÖY	1997
261	TEVFİK TAŞÇI APT.	DIŞ, İÇ CEPHE ONARIM VE BOYA İŞLEMİ	MODA	1997
262	KURALKAN MESUDİYE EVLERİ	DRENAJ İŞLEMİ	MALTEPE	1997
263	MZ MOTOR FABRİKASI	TEMEL YALITIM İŞLEMİ	DUDULLU	1997
264	EMRE-ZEYNEP NİŞANCI BİNASI	DIŞ CEPHE ONARIM, BOYA VE TERAS YALITIM İŞLEMİ	RUMELİHİSARI	1997
265	M.ÜSTÜNDAĞ APT.	YAN CEPHE ONDÜLİN KAPLAMA İŞLEMİ	FINDIKZADE	1997
266	CELAL SULTAN OTELİ	ARKA CEPHE ONDÜLİN KAPLAMA İŞLEMİ	SULTANAHMET	1997
267	SUNGUR APT.	DIŞ, İÇ CEPHE ONARIM VE BOYA İŞLEMİ	SUADİYE	1997
268	MURAT APT.	DIŞ, İÇ CEPHE ONARIM VE BOYA İŞLEMİ	ERENKÖY	1997
269	ORGANİZE SANAYİ CAMİİ	TERAS, KUBBE YALITIM İŞLEMİ	DUDULLU	1997
270	REŞTAN ARAS APT.	DIŞ CEPHE ONARIM VE BOYA İŞLEMİ	ULUS	1997
271	ÇAMLITEPE SİTESİ	DIŞ CEPHE ONARIM, BOYA VE ÇATI YALITIM İŞLEMİ	ULUS	1997
272	GÜNEŞ APT.	DIŞ, İÇ CEPHE ONARIM VE BOYA İŞLEMİ	ÇİFTEHAVUZLAR	1997
273	ÇAĞLA APT.	DIŞ CEPHE ONARIM VE BOYA İŞLEMİ	ÇİFTEHAVUZLAR	1997
274	ÇINAR APT.	DIŞ CEPHE ONARIM VE BOYA İŞLEMİ	GÖZTEPE	1997
275	AKUT APT.	DIŞ CEPHE ONARIM VE BOYA İŞLEMİ	ERENKÖY	1997
276	KUBALI APT.	DIŞ CEPHE ONARIM VE BOYA İŞLEMİ	ERENKÖY	1997
277	BALTACI SİT. C BL.	DIŞ CEPHE ONARIM VE BOYA İŞLEMİ	KOZYATAĞI	1997
278	KANAT APT.	DIŞ CEPHE ONARIM VE BOYA İŞLEMİ	GÖZTEPE	1997
279	ENGİN KONAK B. BL.	DIŞ CEPHE ONARIM, BOYA VE ÇATI YALITIM İŞLEMİ	ETİLER	1997
280	ÇEVRE SİT. 13. BL.	DIŞ, İÇ CEPHE ONARIM VE BOYA İŞLEMİ	AKATLAR	1997
281	YILDIRIM APT.	ÇATI ONARIM, YALITIM VE İÇ BOYA İŞLEMLERİ	İSTİNYE	1997
282	PINAR APT.	DIŞ CEPHE ONARIM VE BOYA İŞLEMİ	GÖZTEPE	1997
283	TERAS APT.	DIŞ CEPHE ONARIM VE BOYA İŞLEMİ	BEBEK	1997
284	ZÜMRÜT PALAS APT.	DIŞ CEPHE ONARIM, BOYA VE YENİ ÇATI YAPIM İŞL.	MAÇKA	1997
285	ÇEVRE APT. A-B BL.	DIŞ CEPHE ONARIM VE BOYA İŞLEMİ	MECİDİYEKÖY	1997
286	ENGİN KONAK APT. C BL.	DIŞ CEPHE ONARIM VE BOYA İŞLEMİ	ETİLER	1997
287	KARAORMAN APT.	DIŞ CEPHE ONARIM VE BOYA İŞLEMİ	GÖZTEPE	1997
288	KUTMEN APT.	DIŞ CEPHE ONARIM VE BOYA İŞLEMİ	GÖZTEPE	1997
289	METİN ÜNSAL APT.	DIŞ CEPHE ONARIM VE BOYA İŞLEMİ	ORTAKÖY	1997
290	GÖKSEL APT.	DIŞ CEPHE ONARIM, BOYA VE ÇATI YALITIM İŞLEMİ	KIZILTOPRAK	1997
291	FERAH APT.	İÇ CEPHE ONARIM VE BOYA İŞLEMİ	MAÇKA	1997
292	BAŞAK GÜRSOY BİNASI	DIŞ CEPHE ONARIM, BOYA VE TERAS YALITIM İŞLEMİ	MODA	1997
293	ARAP TÜRK BANKASI BİNASI	TEMEL YALITIM İŞLEMİ	NİŞANTAŞI	1997
294	İNTAŞ ÇAMLIK C BL.	DIŞ, İÇ CEPHE ONARIM VE BOYA İŞLEMİ	SAHRAİ CEDİT	1997
295	MEKAN APT.	DIŞ CEPHE KISMİ ONARIM VE BOYA İŞLEMİ	TEŞVİKİYE	1997
296	ÖZARGUN APT.	ÇATI ONARIM VE YALITIM İŞLEMİ	ULUS	1997
297	GÜRKAN APT.	DIŞ CEPHE ONARIM VE BOYA İŞLEMİ	MECİDİYEKÖY	1997
298	SİREN APT.	DIŞ CEPHE ONARIM VE BOYA İŞLEMİ	CİHANGİR	1997
299	MURAT DAGLI PALAS	DIŞ CEPHE ONARIM VE BOYA İŞLEMİ	LEVENT	1997
300	A LA TURKA RESTAURANT	DIŞ CEPHE ONARIM VE BOYA İŞLEMİ	ORTAKÖY	1997
301	ÜNAL APT.	DIŞ CEPHE ONARIM VE BOYA İŞLEMİ	BALTALİMANI	1997
302	KIRLANGIÇ APT.	DIŞ, İÇ CEPHE ONARIM VE BOYA İŞLEMİ	ETİLER	1997
303	MİKADO APT.	DIŞ CEPHE ONARIM VE BOYA İŞLEMİ	YEŞİLKÖY	1997
304	KARABAL APT.	YENİ ÇATI YAPIM İŞLEMİ	GÖZTEPE	1997
305	HASAN AKBAYRAK BİNASI	ÇATI ONARIM VE YALITIM İŞLEMİ	FLORYA	1997
306	ŞAFAK APT.	DIŞ CEPHE ONARIM, BOYA VE ÇATI YALITIM İŞLEMİ	AKATLAR	1997
307	KUMSAL APT.	YENİ ÇATI YAPIM İŞLEMİ	SİLİVRİ	1997
308	KEREM APT.	DIŞ CEPHE ONARIM VE BOYA İŞLEMİ	ULUS	1997
309	GEZİ APT.	DIŞ, İÇ CEPHE ONARIM VE BOYA İŞLEMİ	MODA	1997
310	DR. FARUK SÜER İŞ MRK.	YAN CEPHE ONDÜLİN KAPLAMA İŞLEMİ	OSMANBEY	1997
311	GÜVEN APT.	DIŞ CEPHE TRAVERTEN TEMİZLİK VE CİLA İŞLEMİ	TEŞVİKİYE	1998
312	HAZNEDAR APT.	DIŞ, İÇ CEPHE ONARIM VE BOYA İŞLEMİ	TEŞVİKİYE	1998
313	GÜNEY APT.	DIŞ, İÇ CEPHE ONARIM VE BOYA İŞLEMİ	AKATLAR	1998
314	YOLA APT.	DIŞ, İÇ CEPHE ONARIM VE BOYA İŞLEMİ	MODA	1998
315	AKIN SİT.	DIŞ, İÇ CEPHE ONARIM VE BOYA İŞLEMİ	TARABYA	1998
316	ZÜMRÜT APT.	DIŞ CEPHE ONARIM VE BOYA İŞLEMİ	MECİDİYEKÖY	1998
317	ÜLKÜ APT.	DIŞ CEPHE ONARIM VE BOYA İŞLEMİ	SUADİYE	1998
318	MARMARA APT.	DIŞ CEPHE ONARIM VE BOYA İŞLEMİ	ÇİFTEHAVUZLAR	1998
319	NEŞE APT.	DIŞ, İÇ CEPHE ONARIM VE BOYA İŞLEMİ	CADDEBOSTAN	1998
320	MANZARA APT.	DIŞ CEPHE ONARIM VE BOYA İŞLEMİ	MODA	1998
321	KARADENİZ APT.	DIŞ CEPHE ONARIM, BOYA VE ÇATI YALITIM İŞLEMİ	BAKIRKÖY	1998
322	ÖRNEK APT.	DIŞ, İÇ CEPHE ONARIM, BOYA VE ÇATI YALITIM İŞL.	BAKIRKÖY	1998
323	MAYA SİT. 13. BL.	DIŞ CEPHE KISMİ ONARIM VE BOYA İŞLEMİ	ETİLER	1998
324	O 190-191 BL.	DIŞ CEPHE ONARIM, BOYA VE ÇATI YALITIM İŞLEMİ	ATAKÖY	1998
325	MARMARA APT.	DIŞ CEPHE ONARIM VE BOYA İŞLEMİ	SUADİYE	1998
326	SPOR YAZARLARI SİT. B5 BL.	DIŞ CEPHE ONARIM VE BOYA İŞLEMİ	AKATLAR	1998
327	GAZETECİLER APT.	DIŞ CEPHE ONARIM VE BOYA İŞLEMİ	ETİLER	1998
328	İNTAŞ ÇAMLIK J BL.	DIŞ, İÇ CEPHE ONARIM VE BOYA İŞLEMİ	SAHRAİ CEDİT	1998
329	ADA APT.	DIŞ CEPHE ONARIM VE BOYA İŞLEMİ	NİŞANTAŞI	1998
330	AS APT.	DIŞ CEPHE ONARIM, BOYA VE ÇATI YALITIM İŞLEMİ	FENERBAHÇE	1998
331	TONGUÇ APT.	DIŞ, İÇ CEPHE ONARIM VE BOYA İŞLEMİ	ULUS	1998
332	MEMDUN ÖZARGUN VİLLASI	DIŞ CEPHE ONARIM VE BOYA İŞLEMİ	LEVENT	1998
333	EMEK APT.	DIŞ CEPHE ONARIM VE BOYA İŞLEMİ	ARNAVUTKÖY	1998
334	ARZU APT.	DIŞ CEPHE ONARIM, BOYA VE TERAS YALITIM İŞLEMİ	BEYLERBEYİ	1998
335	DEMET APT.	DIŞ, İÇ CEPHE ONARIM VE BOYA İŞLEMİ	CADDEBOSTAN	1998
336	NURSELİ APT.	DIŞ, İÇ CEPHE ONARIM VE BOYA İŞLEMİ	SELAMİÇEŞME	1998
337	GÜNEYSU APT.	DIŞ CEPHE ONARIM VE BOYA İŞLEMİ	CADDEBOSTAN	1998
338	ÇAMLITEPE SİT. 74-5 BL.	DIŞ CEPHE ONARIM VE BOYA İŞLEMİ	ULUS	1998
339	KÖRFEZ APT.	DIŞ CEPHE ONARIM, BOYA VE ÇATI YALITIM İŞLEMİ	MODA	1998
340	EREN APT.	DIŞ CEPHE ONARIM, BOYA VE ÇATI YALITIM İŞLEMİ	MODA	1998
341	SOYDAN APT.	DIŞ CEPHE ONARIM, BOYA VE ÇATI YALITIM İŞLEMİ	TEŞVİKİYE	1998
342	İMAR SİT. K BL.	DIŞ CEPHE ONARIM VE BOYA İŞLEMİ	ARNAVUTKÖY	1998
343	FİNAL APT.	DIŞ CEPHE ONARIM VE BOYA İŞLEMİ	4.LEVENT	1998
344	KARTAL APT.	DIŞ CEPHE ONARIM, BOYA VE ÇATI YALITIM İŞLEMİ	ULUS	1998
345	İNAYET APT.	ÇATI ONARIM VE YALITIM İŞLEMİ	CADDEBOSTAN	1998
346	BERKMAN APT.	DIŞ CEPHE ONARIM, BOYA VE TERAS YALITIM İŞLEMİ	BEBEK	1998
347	ÇİMEN APT.	ÇATI ONARIM VE YALITIM İŞLEMİ	SUADİYE	1998
348	MUSTAFA BEY APT.	DIŞ CEPHE ONARIM VE BOYA İŞLEMİ	SUADİYE	1998
349	LALE APT.	DIŞ CEPHE ONARIM VE BOYA İŞLEMİ	NİŞANTAŞI	1998
350	DUYGU APT.	DIŞ CEPHE ONARIM VE BOYA İŞLEMİ	ETİLER	1998
351	BOLKAR SİT. D BL.	DIŞ CEPHE ONARIM VE BOYA İŞLEMİ	GÜRPINAR	1998
352	TORTOP APT.	DIŞ CEPHE ONARIM VE BOYA İŞLEMİ	KOZYATAĞI	1998
353	YILDIZ APT.	DIŞ CEPHE ONARIM VE BOYA İŞLEMİ	AKATLAR	1998
354	ÜÇEM KONAK APT.	DIŞ CEPHE ONARIM VE BOYA İŞLEMİ	CADDEBOSTAN	1998
355	ALİBABA APT.	DIŞ CEPHE ONARIM, BOYA VE ÇATI YALITIM İŞLEMİ	BEYLERBEYİ	1998
356	ECEM 2 APT.	DIŞ CEPHE ONARIM, BOYA VE ÇATI YALITIM İŞLEMİ	FLORYA	1998
357	AKÇAM APT.	DIŞ CEPHE ONARIM, BOYA VE ÇATI YALITIM İŞLEMİ	4.LEVENT	1998
358	SÖNMEZLER APT.	DIŞ, İÇ CEPHE ONARIM VE BOYA İŞLEMİ	MODA	1998
359	AYLİN APT.	DIŞ CEPHE ONARIM VE BOYA İŞLEMİ	MODA	1998
360	TÜRKAN ÖZDEMR BİNASI	DIŞ CEPHE ONARIM VE BOYA İŞLEMİ	RUMELİHİSARI	1998
361	İ 20-21 BL.	DIŞ CEPHE ONARIM VE BOYA İŞLEMİ	ATAKÖY	1998
362	İNTAŞ SİT. B BL.	DIŞ CEPHE ONARIM VE BOYA İŞLEMİ	ERENKÖY	1998
363	DENİZ APT.	DIŞ CEPHE KISMİ ONARIM VE BOYA İŞLEMİ	MODA	1998
364	İ 11-12 BL.	DIŞ CEPHE ONARIM VE BOYA İŞLEMİ	ATAKÖY	1998
365	A31 BL.	DIŞ CEPHE ONARIM VE BOYA İŞLEMİ	ATAKÖY	1998
366	A28 BL.	DIŞ CEPHE ONARIM VE BOYA İŞLEMİ	ATAKÖY	1998
367	FİLİZ APT.	İÇ CEPHE ONARIM VE BOYA İŞLEMİ	FENERBAHÇE	1998
368	HİSAR APT.	DIŞ CEPHE ONARIM VE BOYA İŞLEMİ	KÜÇÜKYALI	1998
369	OKÇU APT.	DIŞ CEPHE ONARIM VE BOYA İŞLEMİ	FENERYOLU	1999
370	AEROFLOT BİNASI	DIŞ CEPHE KISMİ ONARIM, BOYA VE TERAS YALITIM	TAKSİM	1999
371	REŞİTBEY KORUSU NO:118	DIŞ CEPHE ONARIM VE BOYA İŞLEMİ	CADDEBOSTAN	1999
372	MARMARA APT.	DIŞ CEPHE ONARIM, BOYA VE ÇATI YALITIM İŞLEMİ	SUADİYE	1999
373	GÜN APT.	DIŞ, İÇ CEPHE ONARIM VE BOYA İŞLEMİ	MODA	1999
374	MURAT APT.	DIŞ CEPHE TRAVERTEN TEMİZLİK VE CİLA İŞLEMİ	MODA	1999
375	AKTAN SİT.	DIŞ, İÇ CEPHE ONARIM VE BOYA İŞLEMİ	MECİDİYEKÖY	1999
376	DİNÇER APT.	DIŞ CEPHE ONARIM VE BOYA İŞLEMİ	TEŞVİKİYE	1999
377	KÖŞEM APT.	DIŞ CEPHE ONARIM VE BOYA İŞLEMİ	ŞAŞKINBAKKAL	1999
378	SUNER APT.	DIŞ, İÇ CEPHE ONARIM VE BOYA İŞLEMİ	BAKIRKÖY	1999
379	SEBAT APT.	YAN CEPHE ONDÜLİN KAPLAMA İŞLEMİ	MODA	1999
380	B 46 BL.	DIŞ CEPHE ONARIM VE BOYA İŞLEMİ	ATAKÖY	1999
381	SALİHBEY APT.	DIŞ CEPHE ONARIM, BOYA VE ÇATI YALITIM İŞLEMİ	KIZILTOPRAK	1999
382	EYÜP PAŞA APT.	DIŞ CEPHE ONARIM VE BOYA İŞLEMİ	FENERYOLU	1999
383	MEFKURE APT.	DIŞ CEPHE ONARIM VE BOYA İŞLEMİ	SUADİYE	1999
384	BAŞAK APT.	YENİ ÇATI YAPIM İŞLEMİ	FENERYOLU	1999
385	ÇEVRE APT.	DIŞ CEPHE ONARIM VE BOYA İŞLEMİ	RUMELİHİSARI	1999
386	HAKKI AYRI APT.	DIŞ CEPHE ONARIM VE BOYA İŞLEMİ	ERENKÖY	1999
387	BEYAZKÖŞK APT.	DIŞ, İÇ CEPHE ONARIM VE BOYA İŞLEMİ	GÖZTEPE	1999
388	PROF.DR.Y ÜCEL TANGÜN BİNASI	DIŞ CEPHE ONARIM VE BOYA İŞLEMİ	DRAGOS	1999
389	YALÇIN APT.	DIŞ CEPHE ONARIM VE BOYA İŞLEMİ	SELAMİÇEŞME	1999
390	BEYAZKENT APT.	DIŞ CEPHE ONARIM VE BOYA İŞLEMİ	ULUS	1999
391	MEVSİM APT.	DIŞ CEPHE ONARIM VE BOYA İŞLEMİ	ERENKÖY	1999
392	OS NAZ APT.	DIŞ, İÇ CEPHE ONARIM VE BOYA İŞLEMİ	CADDEBOSTAN	1999
393	ROTOPAŞ GENEL MRK. BİNASI	DIŞ CEPHE ONARIM VE BOYA İŞLEMİ	DOLAPDERE	1999
394	İSMAİL BEY APT.	DIŞ, İÇ CEPHE ONARIM VE BOYA, ÇATI YALITIM İŞL.	DİKİLİTAŞ	1999
395	ERGÜN POLAT APT.	DIŞ, İÇ CEPHE ONARIM VE BOYA İŞLEMİ	GAYRETTEPE	1999
396	SEDİR APT.	DIŞ CEPHE ONARIM VE BOYA İŞLEMİ	ŞAŞKINBAKKAL	1999
397	ALİM APT.	DIŞ, İÇ CEPHE ONARIM VE BOYA İŞLEMİ	ŞAŞKINBAKKAL	1999
398	PALMİYE APT.	DIŞ CEPHE ONARIM VE BOYA İŞLEMİ	SELAMİÇEŞME	1999
399	KUMSAL APT.	DIŞ CEPHE ONARIM VE BOYA İŞLEMİ	SİLİVRİ	1999
400	ŞÜKRAN APT.	DIŞ CEPHE ONARIM VE BOYA İŞLEMİ	FENERYOLU	1999
401	SADİBEY APT.	DIŞ, İÇ CEPHE ONARIM VE BOYA İŞLEMİ	YILDIZ	1999
402	LEVENT KONAK APT.	DIŞ CEPHE ONARIM VE BOYA İŞLEMİ	LEVENT	1999
403	ŞAHİN APT.	DIŞ CEPHE ONARIM VE BOYA İŞLEMİ	GÖZTEPE	1999
404	ÖZLEM APT.	DIŞ CEPHE ONARIM, BOYA VE ÇATI YALITIM İŞLEMİ	GAYRETTEPE	1999
405	ÇARDAK APT.	DIŞ CEPHE ONARIM VE BOYA İŞLEMİ	CADDEBOSTAN	1999
406	YÜKSEL-KONAK APT.	DIŞ CEPHE ONARIM VE BOYA İŞLEMİ	ULUS	1999
407	HUZUR APT.	DIŞ CEPHE ONARIM, BOYA VE YENİ ÇATI YAPIM İŞL.	FENERBAHÇE	1999
408	SEPAŞ SİT. B BL	DIŞ CEPHE ONARIM VE BOYA İŞLEMİ	KARAKÖY	1999
409	GÜL APT.	DIŞ CEPHE ONARIM VE BOYA İŞLEMİ	UÇAKSAVAR	1999
410	HAK HAN	DIŞ CEPHE ONARIM VE BOYA İŞLEMİ	KARAKÖY	1999
411	BURAK APT.	DIŞ CEPHE ONARIM VE BOYA İŞLEMİ	GAYRETTEPE	1999
412	ADA APT.	DIŞ CEPHE ONARIM, BOYA VE ÇATI YALITIM İŞLEMİ	AKATLAR	1999
413	KENT APT.	DIŞ CEPHE ONARIM, BOYA VE ÇATI YALITIM İŞLEMİ	AKATLAR	1999
414	MEMDUH AYTÜR APT.	DIŞ CEPHE ONARIM VE BOYA İŞLEMİ	ULUS	1999
415	AYDIN APT.	DIŞ, İÇ CEPHE ONARIM VE BOYA İŞLEMİ	BEBEK	1999
416	ENGİN APT.	DIŞ CEPHE ONARIM VE BOYA İŞLEMİ	BEBEK	1999
417	KARA AĞAÇ APT.	DIŞ CEPHE KISMİ ONARIM VE BOYA İŞLEMİ	TAKSİM	1999
418	L 52-54-56 BL.	DIŞ CEPHE ONARIM VE BOYA İŞLEMİ	ATAKÖY	1999
419	TERASEVLER	DIŞ, İÇ CEPHE ONARIM VE BOYA İŞLEMİ	GÜZELCE	1999
420	AKSOY APT.	DIŞ CEPHE ONARIM VE BOYA İŞLEMİ	ETİLER	1999
421	ÜNEL APT.	ÇATI ONARIM VE YALITIM İŞLEMİ	GÖZTEPE	1999
422	ÇEVRE SİT. 14. BL.	DIŞ CEPHE ONARIM, BOYA VE ÇATI YALITIM İŞLEMİ	AKATLAR	1999
423	ULUSAL APT.	DIŞ CEPHE KISMİ ONARIM VE BOYA İŞLEMİ	TAKSİM	1999
424	ŞANLIK APT.	DIŞ CEPHE ONARIM VE BOYA İŞLEMİ	ÇİFTEHAVUZLAR	1999
425	TESAN MRK. BİNASI	TEMEL YALITIM İŞLEMİ	YENİBOSNA	1999
426	DÖŞEMECİLER APT.	DIŞ CEPHE ONARIM, BOYA VE ÇATI YALITIM İŞLEMİ	YEŞİLKÖY	1999
427	ORKİDE APT.	DIŞ CEPHE ONARIM VE BOYA İŞLEMİ	ULUS	1999
428	ASIM PAŞA APT.	DIŞ CEPHE ONARIM VE BOYA İŞLEMİ	BAKIRKÖY	1999
429	MUTLU APT.	DIŞ CEPHE ONARIM VE BOYA İŞLEMİ	FENERYOLU	1999
430	SİBEL APT.	YAN CEPHE ONDÜLİN KAPLAMA İŞLEMİ	RUMELİHİSARI	1999
431	ALBAY APT.	DIŞ CEPHE ONARIM VE BOYA İŞLEMİ	LEVENT	1999
432	TUR APT.	DIŞ CEPHE ONARIM VE BOYA İŞLEMİ	FENERBAHÇE	1999
433	OCAKLI APT.	DIŞ CEPHE KISMİ ONARIM VE BOYA İŞLEMİ	FENERYOLU	1999
434	ÖZEN APT.	DIŞ CEPHE ONARIM VE BOYA İŞLEMİ	ÇİFTEHAVUZLAR	1999
435	SAĞIROĞLU APT.	DIŞ CEPHE ONARIM VE BOYA İŞLEMİ	AYASPAŞA	1999
436	NOTER APT.	DIŞ CEPHE ONARIM VE BOYA İŞLEMİ	ŞAŞKINBAKKAL	1999
437	AYDIN APT.	ÇATI ONARIM VE YALITIM İŞLEMİ	GÖZTEPE	1999
438	YAVUZ APT.	DIŞ CEPHE ONARIM VE BOYA İŞLEMİ	ETİLER	1999
439	DÜZENLİ APT.	MİNERAL SIVA İŞLEMİ	GÜNGÖREN	1999
440	PINAR APT.	DIŞ CEPHE FİLELİ SIVA VE BOYA İŞLEMİ	ARNAVUTKÖY	1999
441	KIRMIZI APT.	ÇATI ONARIM VE YALITIM İŞLEMİ	NİŞANTAŞI	1999
442	O 190 - O 191 BL.	BETONARME SU DEPOSU YAPIM İŞLEMİ	ATAKÖY	1999
443	DR. NEZİH ÖZDEMİR BİNASI	DIŞ CEPHE ONARIM, BOYA VE ÇATI YALITIM İŞLEMİ	RUMELİHİSARI	2000
444	KOÇTAŞ APT.	DIŞ CEPHE ONARIM, BOYA VE ÇATI YALITIM İŞLEMİ	ÇİFTEHAVUZLAR 	2000
445	MERMERLER SİT.E BL. 	ÇATI YALITIM İŞLEMİ	AKATLAR	2000
446	YILDIZ APT.	DIŞ, İÇ CEPHE ONARIM, BOYA VE DEPREM ONARIMI	YEŞİLKÖY	2000
447	ZÜMRÜT APT.	DIŞ, İÇ CEPHE BOYA, ÇATI YALITIM İŞLEMİ	SUADİYE	2000
448	DENİZ APT.	DIŞ CEPHE ONARIM VE BOYA İŞLEMİ	LEVENT	2000
449	GÜLÇİN APT.	DIŞ, İÇ CEPHE ONARIM VE BOYA İŞLEMİ	GÖZTEPE	2000
450	YENİ MANİZADE SİT.	DIŞ CEPHE ONARIM VE BOYA İŞLEMİ	YEŞİLKÖY	2000
451	MARMARA APT.	DIŞ, İÇ CEPHE ONARIM VE BOYA İŞLEMİ	ÇİFTEHAVUZLAR	2000
452	ZOLAGİL APT.	DIŞ CEPHE ONARIM VE BOYA İŞLEMİ	ÇİFTEHAVUZLAR	2000
453	ÇAMLIKÖŞK APT.	DIŞ, İÇ CEPHE ONARIM VE BOYA İŞLEMİ	ACIBADEM	2000
454	ABİDE SİT.B1-B2 BL.	DIŞ CEPHE ONARIM, BOYA VE ÇATI YALITIM İŞLEMİ	MECİDİYEKÖY	2000
455	ÇİĞDEM APT.	DIŞ, İÇ CEPHE ONARIM VE BOYA İŞLEMİ	KOZYATAĞI	2000
456	OMAY APT.	DIŞ, İÇ CEPHE ONARIM VE BOYA İŞLEMİ	GAYRETTEPE	2000
457	PETEK APT.	DIŞ CEPHE ONARIM, BOYA VE ÇATI YALITIM İŞLEMİ	BAKIRKÖY	2000
458	GZT. MUH. SİT. E1-E2 BL.	DIŞ CEPHE ONARIM VE BOYA İŞLEMİ	ULUS	2000
459	GZT. MUH. SİT. C1-C2 BL. 	DIŞ CEPHE ONARIM VE BOYA İŞLEMİ	ULUS	2000
460	NURSOY APT.	DIŞ CEPHE ONARIM VE BOYA İŞLEMİ	SUADİYE	2000
461	EMLAK BANK D BL.	DIŞ CEPHE ONARIM, BOYA VE ÇATI YALITIM İŞLEMİ	BEŞİKTAŞ	2000
462	AYDIN APT.	ÇATI YALITIM İŞLEMİ	NİŞANTAŞI	2000
463	NAZEM APT.	DIŞ CEPHE ONARIM VE BOYA İŞLEMİ	MAÇKA	2000
464	SALTAN APT.	DIŞ CEPHE ONARIM VE BOYA İŞLEMİ	SUADİYE	2000
465	ELVAN APT. 	DIŞ CEPHE ONARIM, BOYA VE ÇATI YALITIM İŞLEMİ	ÇİFTEHAVUZLAR	2000
466	AKAL SİT.B BL.	DIŞ CEPHE ONARIM VE BOYA İŞLEMİ	AKATLAR	2000
467	ESEN APT.	DIŞ CEPHE ONARIM VE BOYA İŞLEMİ	ERENKÖY	2000
468	YUVAM APT.	DIŞ CEPHE ONARIM VE BOYA İŞLEMİ	ERENKÖY	2000
469	PAPATYA APT.	DIŞ CEPHE ONARIM VE BOYA İŞLEMİ	MODA	2000
470	SPOR APT. 	DIŞ CEPHE ONARIM VE BOYA İŞLEMİ	MAÇKA	2000
471	ORKİDE APT.	DIŞ CEPHE ONARIM VE BOYA İŞLEMİ	SUADİYE	2000
472	SEDEF APT.	DIŞ CEPHE ONARIM VE BOYA İŞLEMİ	FENERBAHÇE	2000
473	TOKSÖZ APT.	DIŞ, İÇ CEPHE ONARIM VE BOYA İŞLEMİ	CADDEBOSTAN	2000
474	DİLEK APT.	DIŞ, İÇ CEPHE ONARIM VE BOYA İŞLEMİ	BOSTANCI	2000
475	SEDEN APT.	DIŞ CEPHE ONARIM VE BOYA İŞLEMİ	ARNAVUTKÖY	2000
476	ÇAĞLAYAN SİT.	DIŞ CEPHE ONARIM VE BOYA İŞLEMİ	AKATLAR	2000
477	SEYFİOĞLU APT.	DIŞ CEPHE ONARIM VE BOYA İŞLEMİ	CADDEBOSTAN	2000
478	HAYRAN APT.	ÇATI YALITIM İŞLEMİ	AKATLAR	2000
479	ERİM APT.	DIŞ CEPHE ONARIM VE BOYA İŞLEMİ	BEŞİKTAŞ	2000
480	KAVAK APT.	DIŞ CEPHE ONARIM VE BOYA İŞLEMİ	SUADİYE	2000
481	KURTULUŞ APT.	DIŞ CEPHE ONARIM VE BOYA İŞLEMİ	ETİLER	2000
482	NİL APT.	DIŞ CEPHE ONARIM VE BOYA İŞLEMİ	MODA	2000
483	AYDIN APT.	DIŞ, İÇ CEPHE ONARIM VE BOYA İŞLEMİ	GÖZTEPE	2000
484	NUR APT.	DIŞ CEPHE ONARIM VE BOYA İŞLEMİ	KALAMIŞ	2000
485	KAYALAR APT.	DIŞ CEPHE ONARIM VE BOYA İŞLEMİ	FENERYOLU	2000
486	KISMET APT.	DIŞ CEPHE ONARIM VE BOYA İŞLEMİ	BAKIRKÖY	2000
487	İZZET KAPTAN APT.	DIŞ CEPHE ONARIM VE BOYA İŞLEMİ	ERENKÖY	2000
488	YÜKSEL-KONAK APT.	SIHHİ VE ATIKSU TESİSATI İŞL.	ULUS	2000
489	SERAP APT.	DIŞ CEPHE ONARIM VE BOYA İŞLEMİ	BEŞİKTAŞ	2000
490	NECİPBEY BİNALARI A BL.	DIŞ CEPHE ONARIM, BOYA VE ÇATI YALITIM İŞLEMİ	BALTALİMANI        	2000
491	MUSTAFA ÜSTÜNDAĞ APT.	ÇATI ONARIM İŞLEMİ	FINDIKZADE 	2000
492	MARTI APT.	DIŞ CEPHE ONARIM VE BOYA İŞLEMİ	ŞAŞKINBAKKAL	2000
493	DİLBER SİT. DENİZ APT.	DIŞ CEPHE ONARIM VE BOYA İŞLEMİ	ETİLER	2000
494	BAŞAK APT.	DIŞ CEPHE ONARIM VE BOYA İŞLEMİ	FENERYOLU	2000
495	GÜZELKONUTLAR SİT. A BL.	DIŞ CEPHE ONARIM VE BOYA İŞLEMİ	ULUS	2000
496	BAŞBAKANLIK TOP. KON.  B101 BL.	DIŞ CEPHE ONARIM VE BOYA İŞLEMİ	HALKALI	2000
497	BORAN APT.	DIŞ CEPHE ONARIM VE BOYA İŞLEMİ	LEVENT	2000
498	İRFANBEY APT.	DIŞ, İÇ CEPHE ONARIM VE BOYA İŞLEMİ	GÖZTEPE	2000
499	TOPÇULAR İŞ HANI	DIŞ CEPHE ONARIM VE BOYA İŞLEMİ	TOPÇULAR	2000
500	AYDIN APT.	YENİ ÇATI YAPIM İŞLEMİ	BEBEK	2000
501	BARIŞ APT.	DIŞ CEPHE ONARIM VE BOYA İŞLEMİ	KALAMIŞ	2000
502	GZT. MUH. SİT. B10 BL.	DIŞ CEPHE ONARIM VE BOYA İŞLEMİ	ULUS	2000
503	GZT. MUH. SİT. B1 BL.	DIŞ CEPHE ONARIM VE BOYA İŞLEMİ	ULUS	2000
504	ALPSAR APT.	DIŞ CEPHE ONARIM, BOYA VE ÇATI YALITIM İŞLEMİ	SUADİYE	2000
505	MEVSİM APT.	ÇATI YALITIM İŞLEMİ	ERENKÖY	2000
506	BEYAZKÖŞK APT.	DIŞ CEPHE ONARIM VE BOYA İŞLEMİ	CADDEBOSTAN	2000
507	DOSTLAR APT.	DIŞ, İÇ CEPHE ONARIM VE BOYA İŞLEMİ	BOSTANCI	2000
508	GZT. MUH. SİT. B11 BL.	DIŞ CEPHE ONARIM VE BOYA İŞLEMİ	ULUS	2000
509	AS APT. B BL.	DIŞ CEPHE ONARIM VE BOYA İŞLEMİ	FENERYOLU	2000
510	ARAS APT.	ÇATI YALITIM İŞLEMİ	ULUS	2000
511	BADAR APT.	DIŞ, İÇ CEPHE ONARIM VE BOYA İŞLEMİ	BAKIRKÖY	2000
512	YEDİKULE TEKSTİL FABRİKA BİNASI	DIŞ CEPHE ONARIM VE BOYA İŞLEMİ	YEDİKULE	2000
513	ZEKİBEY APT.	DIŞ CEPHE ONARIM VE BOYA İŞLEMİ	MECİDİYEKÖY	2000
514	HUZUR APT.	DIŞ CEPHE ONARIM, BOYA VE ÇATI YALITIM İŞLEMİ	FENERYOLU	2000
515	PAMİR BEZMEN BİNASI	ÇATI YALITIM İŞLEMİ	BEBEK	2000
516	TÜREL APT.	DIŞ, İÇ CEPHE ONARIM VE BOYA İŞLEMİ	SUADİYE	2000
517	BUKET APT.	DIŞ CEPHE ONARIM VE BOYA İŞLEMİ	ETİLER	2000
518	FUAT BEZMEN BİNASI	YENİ ÇATI YAPIM İŞLEMİ	YEŞİLKÖY	2000
519	ÖZTÜRK APT.	DIŞ, İÇ CEPHE ONARIM VE BOYA İŞLEMİ	GÖZTEPE	2000
520	ÖZLEM APT.	DIŞ CEPHE MANTOLAMA İŞLEMİ	AKATLAR	2000
521	BADE APT.	DIŞ, İÇ CEPHE ONARIM VE BOYA İŞLEMİ	LEVENT	2000
522	ÇİNİLİ APT.	DIŞ, İÇ CEPHE ONARIM VE BOYA İŞLEMİ	MAÇKA	2000
523	İLGEN APT.	DIŞ CEPHE ONARIM VE BOYA İŞLEMİ	NİŞANTAŞI	2000
524	MARMADOS 17. BL.	DIŞ CEPHE ONARIM VE BOYA İŞLEMİ	TUZLA	2000
525	YAŞAM SİT. 8. BL.	DIŞ CEPHE ONARIM, BOYA VE ÇATI YALITIM İŞLEMİ	ACIBADEM	2000
526	TUNÇLU APT.	DIŞ, İÇ CEPHE ONARIM VE BOYA İŞLEMİ	BAKIRKÖY	2000
527	AZER APT.	DIŞ CEPHE ONARIM VE BOYA İŞLEMİ	ERENKÖY	2000
528	YAYLA PALAS APT.	DIŞ CEPHE ONARIM VE BOYA İŞLEMİ	ESENTEPE	2000
529	SAY APT.	ÇATI YALITIM İŞLEMİ	AKATLAR	2000
530	SERVET APT.	DIŞ CEPHE ONARIM VE BOYA İŞLEMİ	SAHRAİCEDİD	2000
531	KOZ APT.	DIŞ CEPHE ONARIM, BOYA VE ÇATI YALITIM İŞLEMİ	ÇİFTEHAVUZLAR	2000
532	ÇERÇİ APT.	DIŞ CEPHE ONARIM, BOYA VE TERAS YALITIM İŞLEMİ	ARNAVUTKÖY	2000
533	KORU APT.	DIŞ CEPHE ONARIM, BOYA VE ÇATI YALITIM İŞLEMİ	BEBEK	2000
534	YONCA APT.	ÇATI YALITIM İŞLEMİ	BOSTANCI	2000
535	TİRYAKİOĞLU BİNASI	ÇATI VE BODRUM YALITIM İŞLEMİ	OKMEYDANI	2000
536	YILMAZBEY APT.	DIŞ CEPHE MANTOLAMA İŞLEMİ	SUADİYE	2000
537	AYDIN SİLİER BİNASI	YENİ ÇATI YAPIM İŞLEMİ	RUMELİHİSARI	2000
538	ŞÖHRET APT.	DIŞ CEPHE ONARIM, BOYA VE ÇATI YALITIM İŞLEMİ	SUADİYE	2000
539	NARİN APT.	DIŞ CEPHE ONARIM, BOYA VE ÇATI YALITIM İŞLEMİ	NİŞANTAŞI	2000
540	S& F SES VE IŞIK SİST. BİNASI	DIŞ CEPHE ONARIM VE BOYA İŞLEMİ	ORTAKÖY	2000
541	AYDIN APT.	BETONARME SU DEPOSU YAPIMI İŞLEMİ	GÖZTEPE	2000
542	NADİDE APT.	DIŞ CEPHE FİLELİ SIVA VE BOYA İŞLEMİ	MECİDİYEKÖY	2000
543	TÜRKSAN SİT. 6. BL.	DIŞ CEPHE ONARIM, BOYA VE ÇATI YALITIM İŞLEMİ	ETİLER	2000
544	GIDAPLAST AŞ. FABRİKA BİNASI	ZEMİN KAPLAMA İŞLEMİ	ESENKENT	2001
545	HAYIRLI APT.	DIŞ CEPHE ONARIM, BOYA VE ÇATI YALITIM İŞLEMİ	SUADİYE	2001
546	SAMİME HANIM APT.	DIŞ, İÇ CEPHE ONARIM VE BOYA İŞLEMİ	FENERBAHÇE	2001
547	TAÇ APT.	DIŞ CEPHE ONARIM VE BOYA İŞLEMİ	CİHANGİR	2001
548	KERİMOĞLU APT.	DIŞ CEPHE ONARIM VE BOYA İŞLEMİ	ERENKÖY	2001
549	DERYA APT.	DIŞ CEPHE ONARIM VE BOYA İŞLEMİ	KALAMIŞ	2001
550	SERDAR APT.	DIŞ CEPHE MANTOLAMA İŞLEMİ	AKATLAR	2001
551	ARZU APT.	DIŞ CEPHE ONARIM, BOYA VE ÇATI YALITIM İŞLEMİ	TEŞVİKİYE	2001
552	SORAK APT.	DIŞ CEPHE ONARIM VE BOYA İŞLEMİ	NİŞANTAŞI	2001
553	KONAK APT.	DIŞ CEPHE ONARIM VE BOYA İŞLEMİ	NİŞANTAŞI	2001
554	VASIFBEY APT.	DIŞ CEPHE ONARIM VE BOYA İŞLEMİ	CADDEBOSTAN	2001
555	HUZUR APT.	DIŞ CEPHE ONARIM, BOYA VE DRENAJ İŞLEMİ	SUADİYE	2001
556	DOSTLAR APT.	DIŞ CEPHE ONARIM VE BOYA İŞLEMİ	ÇİFTEHAVUZLAR	2001
557	ZİNO APT.	DIŞ CEPHE ONARIM VE BOYA İŞLEMİ	TEŞVİKİYE	2001
558	CANİK APT.	DIŞ CEPHE ONARIM VE BOYA İŞLEMİ	HARBİYE	2001
559	PARK APT.	DIŞ CEPHE ONARIM, BOYA VE ÇATI YALITIM İŞLEMİ	GÖZTEPE	2001
560	MİMOZA APT.	DIŞ CEPHE ONARIM VE BOYA İŞLEMİ	GÖZTEPE	2001
561	ÇAKIOĞLU APT.	DIŞ CEPHE ONARIM VE BOYA İŞLEMİ	GÖZTEPE	2001
562	MERİÇ APT.	DIŞ CEPHE ONARIM VE BOYA İŞLEMİ	BOSTANCI	2001
563	BAĞDAT APT. A BL.	DIŞ CEPHE ONARIM VE BOYA İŞLEMİ	KIZILTOPRAK	2001
564	TARIM APT.	DIŞ, İÇ CEPHE ONARIM VE BOYA İŞLEMİ	GÖZTEPE	2001
565	ZİNCİRLİ 1-2 APT.	DIŞ CEPHE ONARIM VE BOYA İŞLEMİ	ERENKÖY	2001
566	EVREN APT.	DIŞ CEPHE ONARIM VE BOYA İŞLEMİ	SELAMİÇEŞME	2001
567	DEFNE APT.	DIŞ CEPHE ONARIM VE BOYA İŞLEMİ	GÖZTEPE	2001
568	POLAT APT.	DIŞ CEPHE ONARIM VE BOYA İŞLEMİ	NİŞANTAŞI	2001
569	DR. BURHAN TANYILDIZ SOK. NO:93	DIŞ CEPHE ONARIM VE BOYA İŞLEMİ	NİŞANTAŞI	2001
570	ÖZDERİCİ SİT.	DIŞ CEPHE ONARIM VE BOYA İŞLEMİ	AKATLAR	2001
571	KONUK APT.	DIŞ, İÇ CEPHE ONARIM VE BOYA İŞLEMİ	BOSTANCI	2001
572	VEZİROĞLU APT.	DIŞ CEPHE ONARIM VE BOYA İŞLEMİ	NİŞANTAŞI	2001
573	ŞULE APT.	DIŞ, İÇ CEPHE ONARIM, BOYA VE ÇATI YALITIM İŞL.	BAKIRKÖY	2001
574	AYAZ APT.	DIŞ CEPHE ONARIM VE BOYA İŞLEMİ	ERENKÖY	2001
575	SÖZERİ APT.	DIŞ CEPHE MANTOLAMA İŞLEMİ	SUADİYE	2001
576	HERSEK APT.	DIŞ CEPHE ONARIM VE BOYA İŞLEMİ	NİŞANTAŞI	2001
577	TAYMAN APT.	DIŞ CEPHE ONARIM VE BOYA İŞLEMİ	NİŞANTAŞI	2001
578	NAFİZBEY APT.	DIŞ CEPHE ONARIM VE BOYA İŞLEMİ	NİŞANTAŞI	2001
579	VAROL APT.	ÇATI YALITIM İŞLEMİ	GÖZTEPE	2001
580	VELİOĞLU APT.	ÇATI YALITIM İŞLEMİ	SUADİYE	2001
581	NO:79-81 APT.	DIŞ CEPHE ONARIM VE BOYA İŞLEMİ	ŞİŞLİ	2001
582	SEZAİBEY APT.	ÇATI YALITIM İŞLEMİ	KÜÇÜKYALI	2001
583	SİSMO FABRİKA BİNASI	DIŞ, İÇ CEPHE ONARIM, BOYA VE DRENAJ İŞLEMİ	İZMİT	2001
584	AKAL SİT. D BL.	DIŞ CEPHE ONARIM VE BOYA İŞLEMİ	AKATLAR	2001
585	KENT APT.	DIŞ CEPHE ONARIM VE BOYA İŞLEMİ	HARBİYE	2001
586	YA BA MAKİNE A.Ş FABRİKA BİNASI	ÇATI YALITIM İŞLEMİ	DUDULLU	2001
587	AHENK APT.	DIŞ, İÇ CEPHE ONARIM, BOYA VE ÇATI YALITIM İŞL.	KALAMIŞ	2001
588	AKHAN APT.	DIŞ CEPHE ONARIM VE BOYA İŞLEMİ	BAKIRKÖY	2001
589	SEDİR APT.	DIŞ CEPHE ONARIM VE BOYA İŞLEMİ	ÇİFTEHAVUZLAR	2001
590	BELEDİYE SİT. D1 BL.	DIŞ CEPHE ONARIM VE BOYA İŞLEMİ	ETİLER	2001
591	HUZUR APT.	DIŞ CEPHE ONARIM, BOYA VE ÇATI YALITIM İŞLEMİ	MODA	2001
592	DÜNYA SİT. C-D BL.	ÇATI YALITIM İŞLEMİ	AKATLAR	2001
593	SAYGILI APT.	DIŞ CEPHE ONARIM VE BOYA İŞLEMİ	ETİLER	2001
594	KENT APT.	DIŞ CEPHE ONARIM, BOYA VE ÇATI YALITIM İŞLEMİ	BEŞİKTAŞ	2001
595	SELAMLIK APT.	DIŞ CEPHE MANTOLAMA VE ÇATI YALITIM İŞLEMİ	CADDEBOSTAN	2001
596	AYDOĞDU APT.	DIŞ CEPHE ONARIM VE BOYA İŞLEMİ	SUADİYE	2001
597	MARMARA APT.	DIŞ CEPHE ONARIM, BOYA VE DRENAJ İŞLEMİ	FENERBAHÇE	2001
598	MURAT 1-2 APT.	DIŞ CEPHE ONARIM, BOYA VE ÇATI YALITIM İŞLEMİ	ETİLER	2001
599	FULYALI SİT.	DIŞ CEPHE ONARIM VE BOYA İŞLEMİ	GAYRETTEPE	2001
600	BAYRI APT.	BETONARME SU DEPOSU YAPIM İŞLEMİ	CADDEBOSTAN	2001
601	ORTAÇ APT.	DIŞ CEPHE ONARIM VE BOYA İŞLEMİ	GÖZTEPE	2001
602	SERAMİK SOK NO:5 APT.	DIŞ CEPHE ONARIM VE BOYA İŞLEMİ	ETİLER	2001
603	MANOLYA APT.	DIŞ CEPHE MANTOLAMA İŞLEMİ	AKATLAR	2001
604	ERGÖR APT.	DIŞ CEPHE ONARIM VE BOYA İŞLEMİ	ÇİFTEHAVUZLAR	2001
605	YILDIZ APT.	DIŞ CEPHE ONARIM VE BOYA İŞLEMİ	SUADİYE	2001
606	BİRLİK APT.	DIŞ CEPHE ONARIM VE BOYA İŞLEMİ	BALTALİMANI	2001
607	MİZAN KOOP.	DIŞ, İÇ CEPHE ONARIM VE BOYA İŞLEMİ	BEYLİKDÜZÜ	2001
608	AKİL APT.	DIŞ CEPHE ONARIM VE BOYA İŞLEMİ	NİŞANTAŞI	2001
609	ÖRENSOY APT.	DIŞ CEPHE ONARIM VE BOYA İŞLEMİ	ERENKÖY	2001
610	ÜSTÜNGEL APT.	DIŞ CEPHE ONARIM, BOYA VE ÇATI YALITIM İŞLEMİ	KÜÇÜKYALI	2001
611	DERYA APT.	DIŞ CEPHE ONARIM VE BOYA İŞLEMİ	İSTİNYE	2001
612	ARZU 2 APT.	DIŞ CEPHE ONARIM VE BOYA İŞLEMİ	RUMELİHİSARI	2001
613	FAİK BEY APT.	DIŞ CEPHE ONARIM VE BOYA İŞLEMİ	GÖZTEPE	2001
614	SARICA APT.	DIŞ, İÇ CEPHE ONARIM VE BOYA İŞLEMİ	MODA	2001
615	MONA PALAS APT.	DIŞ CEPHE ONARIM VE BOYA İŞLEMİ	MODA	2001
616	İHTİYARLARA YARDIM DERNEĞİ BİNASI	DIŞ CEPHE ONARIM VE BOYA İŞLEMİ	OKMEYDANI	2001
617	DOSTLAR SİT. 1. BL.	YENİ ÇATI YAPIM İŞLEMİ	ULUS	2001
618	ESER PALAS APT.	DIŞ, İÇ CEPHE ONARIM VE BOYA İŞLEMİ	NİŞANTAŞI	2001
619	GENÇTÜRK APT.	DIŞ CEPHE ONARIM VE BOYA İŞLEMİ	CADDEBOSTAN	2001
620	KONAK APT.	DIŞ, İÇ CEPHE ONARIM VE BOYA İŞLEMİ	MODA	2001
621	KAĞITHANE APT.	DIŞ CEPHE ONARIM VE BOYA İŞLEMİ	TEŞVİKİYE	2002
622	TESAN AŞ.	DIŞ CEPHE MANTOLAMA İŞLEMİ	ÜSKÜDAR	2002
623	DALKILIÇ APT.	ÇATI YALITIM İŞLEMİ	GÖZTEPE	2002
624	KUMSAL APT.	DIŞ CEPHE ONARIM VE BOYA İŞLEMİ	FENERBAHÇE	2002
625	SAMİME HANIM APT.	DRENAJ İŞLEMİ	F.BAHÇE	2002
626	MAYA SİT. J BL.	DIŞ CEPHE MANTOLAMA VE ÇATI YALITIMI İŞLEMİ	AKATLAR	2002
627	FİDANPALAS APT.	DIŞ CEPHE ONARIM VE BOYA İŞLEMİ	CİHANGİR	2002
628	CEVDET FERİT APT.	DIŞ CEPHE ONARIM VE BOYA İŞLEMİ	CİHANGİR	2002
629	YALI APT.	DIŞ CEPHE ONARIM VE BOYA İŞLEMİ	CİHANGİR	2002
630	ÖZDERİCİ SİT.	ÇATI YALITIMI VE DRENAJ İŞLEMİ	AKATLAR	2002
631	HANIMELİ APT.	DIŞ CEPHE ONARIM VE BOYA İŞLEMİ	AKATLAR	2002
632	SUADİYE PALAS AP.	DIŞ, İÇ CEPHE ONARIM VE BOYA İŞLEMİ	SUADİYE	2002
633	KARDELEN APT.	DIŞ CEPHE ONARIM VE BOYA İŞLEMİ	S.ÇEŞME	2002
634	HİSAR APARTMANI	DIŞ CEPHE ONARIM, BOYA VE ÇATI YALITIM İŞLEMİ	S.ÇEŞME	2002
635	ERDİNÇ APT.	DIŞ CEPHE ONARIM VE BOYA İŞLEMİ	NİŞANTAŞI	2002
636	AKAT APT.	DIŞ CEPHE ONARIM VE BOYA İŞLEMİ	NİŞANTAŞI	2002
637	GALİPBEY APT.	DIŞ CEPHE ONARIM VE BOYA İŞLEMİ	FENERYOLU	2002
638	HUZUR APT.	DIŞ CEPHE ONARIM, BOYA VE ÇATI YALITIM İŞLEMİ	ORTAKÖY	2002
639	DENİZ APT.	DIŞ CEPHE ONARIM VE BOYA İŞLEMİ	AYASPAŞA	2002
640	ÖZLEM APT.	DIŞ CEPHE ONARIM VE BOYA İŞLEMİ	MODA	2002
641	TOPUR APT.	DIŞ CEPHE ONARIM VE BOYA İŞLEMİ	ERENKÖY	2002
642	GZT.SİT. B1 BL.	DIŞ CEPHE ONARIM VE BOYA İŞLEMİ	MASLAK	2002
643	GAZ.SİT. B2 BL.	DIŞ CEPHE ONARIM VE BOYA İŞLEMİ	MASLAK	2002
644	GAZ.SİT. C4 BL.	DIŞ CEPHE ONARIM VE BOYA İŞLEMİ	MASLAK	2002
645	GZT.SİT. D6 BL.	DIŞ CEPHE ONARIM VE BOYA İŞLEMİ	MASLAK	2002
646	7. GZT. SİT. A4 BL.	DIŞ CEPHE MANTOLAMA İŞLEMİ	MASLAK	2002
647	GÖZE APT.	DIŞ CEPHE ONARIM VE BOYA İŞLEMİ	ÇİFTEHAVUZLAR	2002
648	ÖKE APT.	DIŞ, İÇ CEPHE ONARIM VE BOYA İŞLEMİ	SAHRAİCEDİT	2002
649	VELİOĞLU APT.	DIŞ CEPHE ONARIM VE BOYA İŞLEMİ	SUADİYE	2002
650	AK APT.	DIŞ, İÇ CEPHE ONARIM VE BOYA İŞLEMİ	MODA	2002
651	ARI APT.	DIŞ CEPHE ONARIM VE BOYA İŞLEMİ	MODA	2002
652	ERMAN APT.	DIŞ CEPHE ONARIM, BOYA VE ÇATI YALITIM İŞLEMİ	BEŞİKTAŞ	2002
653	ÖBEK APT.	DIŞ CEPHE MANTOLAMA VE ÇATI YALITIM İŞLEMİ	BEŞİKTAŞ	2002
654	BOROĞLU APT.	DIŞ CEPHE ONARIM VE BOYA İŞLEMİ	DİKİLİTAŞ	2002
655	MARMARA APT.	ÇATI YALITIM İŞLEMİ	F.BAHÇE	2002
656	PETROLCULER APT.	DIŞ, İÇ CEPHE ONARIM VE BOYA İŞLEMİ	GÖZTEPE	2002
657	SEVİL APT.	DIŞ CEPHE ONARIM VE BOYA İŞLEMİ	BAKIRKÖY	2002
658	SERKONAK APT	DIŞ CEPHE ONARIM VE BOYA İŞLEMİ	MECİDİYEKÖY	2002
659	YUNUSLUKÖŞK APT.	DIŞ CEPHE MANTOLAMA VE TERAS YALITIM İŞLEMİ	ÇENGELKÖY	2002
660	KONAK APT.	DIŞ, İÇ CEPHE ONARIM VE BOYA İŞLEMİ	ÜSKÜDAR	2002
661	ÖZATA APT.	YENİ ÇATI YAPIM İŞLEMİ	ÜSKÜDAR	2002
662	ESTON SİT. A BL	DIŞ CEPHE ONARIM VE BOYA İŞLEMİ	S.CEDİD	2002
663	ESTON SİT. B BL	DIŞ CEPHE ONARIM VE BOYA İŞLEMİ	S.CEDİD	2002
664	BAŞAK APT.	DIŞ CEPHE ONARIM VE BOYA İŞLEMİ	GÖZTEPE	2002
665	EDA APT.	DIŞ CEPHE ONARIM VE BOYA İŞLEMİ	GÖZTEPE	2002
666	NİYAZOĞLU APT.	DIŞ CEPHE ONARIM, BOYA VE SU DEPOSU YAPIM İŞL.	KOZYATAĞI	2002
667	YILDIZ APT.	DIŞ, İÇ CEPHE ONARIM VE BOYA İŞLEMİ	SUADİYE	2002
668	ADA APT.	İÇ AYDINLIK ONARIM, BOYA VE ÇATI YALITIM İŞLEMİ	NİŞANTAŞI	2002
669	HAMDİ ÖZBEK BİNASI	DIŞ CEPHE ONARIM VE BOYA İŞLEMİ	SELİMPAŞA	2002
670	KENT APT. A-B BL.	ÇATI YALITIM İŞLEMİ	ŞİŞLİ	2002
671	ÜNALP APT.	DIŞ, İÇ CEPHE ONARIM, BOYA VE ÇATI YALITIM İŞL.	ETİLER	2002
672	ÇETİNTAŞ APT.	DIŞ CEPHE ONARIM, BOYA VE ÇATI YALITIM İŞLEMİ	ORTAKÖY	2002
673	1.KENT SİT.	ÇATI YALITIM İŞLEMİ	KÜÇÜKYALI	2002
674	VEZNEDARBAŞI APT.	DIŞ CEPHE ONARIM, BOYA VE SU DEPOSU YAPIM İŞL.	FENERBAHÇE	2002
675	POYRAZ APT.	DIŞ CEPHE ONARIM VE BOYA İŞLEMİ	FENERBAHÇE	2002
676	EMEK APT.	YENİ SU DEPOSU YAPIMI	FENERBAHÇE	2002
677	UĞUR APT.	DIŞ CEPHE ONARIM VE BOYA İŞLEMİ	ŞİŞLİ	2002
678	KISMET APT.	DIŞ CEPHE ONARIM VE BOYA İŞLEMİ	KALAMIŞ	2002
679	NEŞE APT.	GÜÇLENDİRME İŞLEMİ	YEŞİLYURT	2002
680	ERDOĞAN APT.	DIŞ CEPHE MANTOLAMA VE ÇATI YALITIM İŞLEMİ	ÜSKÜDAR	2002
681	CANSU APT.	YENİ ÇATI YAPIMI	MALTEPE	2002
682	BİRLİK APT.	DIŞ CEPHE ONARIM, BOYA VE ÇATI YALITIM İŞLEMİ	NİŞANTAŞI	2002
683	HİCRET APT.	DIŞ, İÇ CEPHE ONARIM VE BOYA İŞLEMİ	İÇERENKÖY	2002
684	MAYA D'OR VİLLA LUNA	DIŞ CEPHE ONARIM VE BOYA İŞLEMİ	AKATLAR	2002
685	MAYA D'OR VİLLA TERRA	DIŞ CEPHE ONARIM VE BOYA İŞLEMİ	AKATLAR	2002
686	MAYA D'OR VİLLA MARE	DIŞ CEPHE MANTOLAMA İŞLEMİ	AKATLAR	2002
687	ELVAN APT.	DIŞ CEPHE ONARIM VE BOYA İŞLEMİ	AKATLAR	2002
688	METİN APT.	DIŞ CEPHE ONARIM, BOYA VE ÇATI YALITIM İŞLEMİ	BAKIRKÖY	2002
689	AKAR APT.	DIŞ, İÇ CEPHE ONARIM VE BOYA İŞLEMİ	ERENKÖY	2002
690	DERYA APT.	DIŞ CEPHE ONARIM VE BOYA İŞLEMİ	AYASPAŞA	2002
691	KORU APT.	DIŞ CEPHE ONARIM VE BOYA İŞLEMİ	G.TEPE	2002
692	ORMAN APT.	DIŞ CEPHE ONARIM VE BOYA İŞLEMİ	G.TEPE	2002
693	LEVENT 1-2 APT.	DIŞ CEPHE ONARIM VE BOYA İŞLEMİ	LEVENT	2002
694	EMEK APT.	DIŞ CEPHE ONARIM VE BOYA İŞLEMİ	LEVENT	2002
695	KARE PALAS APT.	DIŞ CEPHE ONARIM, BOYA VE TERAS YALITIM İŞLEMİ	LEVENT	2002
696	MİNE APT.	DIŞ CEPHE ONARIM, BOYA VE ÇATI YALITIM İŞLEMİ	TEŞVİKİYE	2002
697	İLKER APT.	DIŞ CEPHE ONARIM VE BOYA İŞLEMİ	ERENKÖY	2002
698	KORUR APT.	DIŞ CEPHE ONARIM, BOYA VE ÇATI YALITIM İŞLEMİ	KALAMIŞ	2002
699	BAHAR APT.	DIŞ CEPHE ONARIM, BOYA VE ÇATI YALITIM İŞLEMİ	KALAMIŞ	2002
700	DORA APT.	DIŞ CEPHE ONARIM VE BOYA İŞLEMİ	GÖZTEPE	2002
701	BEYAZGÜL APT.	DIŞ, İÇ CEPHE ONARIM VE BOYA İŞLEMİ	ACIBADEM	2002
702	AYDIN SİT. C2 BL.	DIŞ, İÇ CEPHE ONARIM, BOYA VE DRENAJ İŞLEMİ	LEVENT	2002
703	SERA APT.	DIŞ, İÇ CEPHE ONARIM VE BOYA İŞLEMİ	LEVENT	2002
704	TURİZM SİT. 5. BL.	DIŞ CEPHE ONARIM VE BOYA İŞLEMİ	ULUS	2002
705	DİLEK APT.	YENİ ÇATI YAPIM İŞLEMİ	ULUS	2002
706	YÜKSEL KONAK APT.	DIŞ CEPHE FİLELİ SIVA İŞLEMİ	ULUS	2002
707	ERBOL APT.	YENİ ÇATI YAPIM İŞLEMİ	ERENKÖY	2002
708	KAPLAN 1 APT.	DIŞ CEPHE ONARIM, BOYA VE ÇATI YALITIM İŞLEMİ	ERENKÖY	2002
709	GÜRSOY APT.	DIŞ CEPHE ONARIM, BOYA VE ÇATI YALITIM İŞLEMİ	ORTAKÖY	2002
710	ULAŞIR APT.	DIŞ CEPHE ONARIM, BOYA VE ÇATI YALITIM İŞLEMİ	EMİRGAN	2002
711	ÖLMEZ HAN 	ÇATI YALITIM İŞLEMİ	OSMANBEY	2002
712	EMİRAY APT.	ÇATI YALITIM İŞLEMİ	OSMANBEY	2002
713	HEKİMLER SİT. 33. BL.	DIŞ CEPHE MANTOLAMA VE ÇATI YALITIM İŞLEMİ	KANLICA	2002
714	KAZIMBEY APT.	DIŞ, İÇ CEPHE ONARIM VE BOYA İŞLEMİ	GÖZTEPE	2002
715	NİZAMPALAS APT.	DIŞ CEPHE ONARIM, BOYA VE ÇATI YALITIM İŞLEMİ	KIZILTOPRAK	2002
716	ULUTAŞ APT.	DIŞ, İÇ CEPHE ONARIM VE BOYA İŞLEMİ	Ç.HAVUZLAR	2002
717	ÇAĞDAŞ APT.	DIŞ, İÇ CEPHE ONARIM VE BOYA İŞLEMİ	TEŞVİKİYE	2002
718	BEREKETLİ APT.	ÇATI YALITIM İŞLEMİ	KUZGUNCUK	2002
719	BUĞRA APT.	DIŞ, İÇ CEPHE ONARIM VE BOYA İŞLEMİ	ETİLER	2002
720	EM. SUB. EV. 44. BL.	DIŞ, İÇ CEPHE ONARIM VE BOYA İŞLEMİ	ESENTEPE	2002
721	OTEL NİZAPARK	İÇ CEPHE BOYA İŞLEMİ	Z.KUYU	2002
722	MEHTAP APT.	ÇATI YALITIM İŞLEMİ	KÜÇÜKYALI	2002
723	ÇAĞ APT.	DIŞ CEPHE FİLELİ SIVA İŞLEMİ	M.KÖY	2002
724	GÜNAYDIN APT.	DIŞ CEPHE ONARIM VE BOYA İŞLEMİ	AYASPAŞA	2002
725	MAYA SİT. U BL.	DIŞ CEPHE ONARIM VE BOYA İŞLEMİ	AKATLAR	2002
726	SEVGİ APT.	DIŞ CEPHE ONARIM, BOYA VE TERAS YALITIM İŞLEMİ	AKSARAY	2002
727	HOTEL KİBELE	YENİ ÇATI YAPIM İŞLEMİ	S.AHMET	2002
728	NUR APT.	DIŞ CEPHE ONARIM, BOYA VE ÇATI YALITIM İŞLEMİ	BEŞİKTAŞ	2002
729	KÜLTÜR TURİZM BİNASI	DIŞ CEPHE ONARIM VE BOYA İŞLEMİ	HARBİYE	2002
730	Y. BELDEMİZ A4 BL.	DIŞ CEPHE ONARIM VE BOYA İŞLEMİ	TARABYA	2002
731	AKIN APT.	DIŞ CEPHE ONARIM, BOYA VE ÇATI YALITIM İŞLEMİ	ŞİŞLİ	2002
732	OYAK HOLDİNG	ÇATI YALITIM İŞLEMİ	ETİLER	2002
733	1.KISIM A28 BLOK	DIŞ CEPHE ONARIM VE BOYA İŞLEMİ	ATAKÖY	2002
734	SÖNMEZLER APT.	DIŞ CEPHE ONARIM, BOYA VE BA. SU DEPOSU YAPIMI	C.BOSTAN	2002
735	ALTAY APT.	DIŞ CEPHE ONARIM VE BOYA İŞLEMİ	KURTULUŞ	2002
736	EŞREFEFENDİ 149	DIŞ CEPHE ONARIM VE BOYA İŞLEMİ	KURTULUŞ	2002
737	ARIKOĞLU APT.	DIŞ CEPHE ONARIM, BOYA VE TERAS YALITIM İŞLEMİ	KALAMIŞ	2002
738	DIŞBANK SERBEST BÖLGE ŞB.	DIŞ CEPHE ONARIM VE BOYA İŞLEMİ	TUZLA	2003
739	YAPIKUR APT.	ÇATI YALITIM İŞLEMİ	BOSTANCI	2003
740	BEYAZYALI APT.	DIŞ CEPHE ONARIM VE BOYA İŞLEMİ	K.ÇEKMECE	2003
741	COŞKUN APT.	DIŞ, İÇ CEPHE ONARIM VE BOYA İŞLEMİ	BOSTANCI	2003
742	HAYDAR RIFAT N0:1	DIŞ CEPHE MANTOLAMA İŞLEMİ	EMİRGAN	2003
743	GZT. SİT. A5 BL.	DIŞ CEPHE ONARIM VE BOYA İŞLEMİ	MASLAK	2003
744	BAĞCI APT.	DIŞ CEPHE ONARIM VE BOYA İŞLEMİ	TEŞVİKİYE	2003
745	BARIŞ APT.	ÇATI YALITIM İŞLEMİ	RUMELİHİSARI	2003
746	BOZDAĞLAR APT.	DIŞ CEPHE FİLELİ SIVA İŞLEMİ	YEŞİLKÖY	2003
747	ÜLKER APT.	DIŞ CEPHE ONARIM VE BOYA İŞLEMİ	KÜÇÜKYALI	2003
748	SAHİLYOLU APT.	DIŞ, İÇ CEPHE ONARIM VE BOYA İŞLEMİ	SUADİYE	2003
749	GZT. SİT. A3 BL.	DIŞ CEPHE ONARIM VE BOYA İŞLEMİ	MASLAK	2003
750	ULUÇAM APT.	DIŞ CEPHE ONARIM VE BOYA İŞLEMİ	KALAMIŞ	2003
751	ÖMERBEY APT.	DIŞ CEPHE ONARIM VE BOYA İŞLEMİ	SUADİYE	2003
752	AR APT.	DIŞ CEPHE MANTOLAMA İŞLEMİ	CADDEBOSTAN	2003
753	GELİNCİK APT.	DIŞ CEPHE ONARIM VE BOYA İŞLEMİ	LEVENT	2003
754	BAŞAK APT.	DIŞ CEPHE MANTOLAMA İŞLEMİ	SUADİYE	2003
755	MELTEM APT.	DIŞ CEPHE ONARIM VE BOYA İŞLEMİ	ERENKÖY	2003
756	ERDOĞAN APT.	DIŞ CEPHE ONARIM VE BOYA İŞLEMİ	GEBZE	2003
757	KAYA APT.	DIŞ CEPHE ONARIM VE BOYA İŞLEMİ	KOZYATAĞI	2003
758	ASLAN APT.	DIŞ CEPHE ONARIM, BOYA VE ÇATI YALITIM İŞLEMİ	GÖZTEPE	2003
759	YUSUF GÜL BİNASI	DIŞ CEPHE MANTOLAMA İŞLEMİ	B.PAŞA	2003
760	ORER APT.	DIŞ, İÇ CEPHE ONARIM, BOYA VE ÇATI YALITIM İŞL.	SUADİYE	2003
761	FİDAN PALAS APT.	ÇATI YALITIM İŞLEMİ	CİHANGİR	2003
762	TAKAD SİT. A3 BL. 	DIŞ CEPHE ONARIM VE BOYA İŞLEMİ	MASLAK	2003
763	PINAR APT. A BL.	DIŞ CEPHE ONARIM VE BOYA İŞLEMİ	KÜÇÜKYALI	2003
764	T.EGİLLİ APT.	DIŞ CEPHE ONARIM VE BOYA İŞLEMİ	ERENKÖY	2003
765	ERDİNÇ APT.	ÇATI YALITIM İŞLEMİ	NİŞANTAŞI	2003
766	NUR APT.	DIŞ CEPHE ONARIM, BOYA VE ÇATI YALITIM İŞLEMİ	SUADİYE	2003
767	TAYMAN APT.	DIŞ CEPHE ONARIM VE BOYA İŞLEMİ	NİŞANTAŞI	2003
768	EROL LODRİK BİNASI	DIŞ CEPHE ONARIM VE BOYA İŞLEMİ	ÇENGELKÖY	2003
769	MARMARA APT.	DRENAJ BAHÇE OTOPARK İŞLEMİ 	FENERBAHÇE	2003
770	GÜNBAY APT.	DIŞ CEPHE ONARIM VE BOYA İŞLEMİ	ORTAKÖY	2003
771	İNTAŞ SİT. K BL.	DIŞ CEPHE ONARIM, BOYA VE ÇATI YALITIM İŞLEMİ	ERENKÖY	2003
772	İNTAŞ SİT. L BL.	DIŞ CEPHE ONARIM, BOYA VE ÇATI YALITIM İŞLEMİ	ERENKÖY	2003
773	MURAT SİT. A-B BL.	DIŞ CEPHE ONARIM, BOYA VE ÇATI YALITIM İŞLEMİ	KOŞUYOLU	2003
774	YALI APT.	DIŞ CEPHE ONARIM VE BOYA İŞLEMİ	YEŞİLKÖY	2003
775	ÖZ APT.	DIŞ CEPHE ONARIM VE BOYA İŞLEMİ	SUADİYE	2003
776	YONCA APT.	DIŞ CEPHE ONARIM VE BOYA İŞLEMİ	BAKIRKÖY	2003
777	HÜRRİYET APT.	DIŞ CEPHE ONARIM VE BOYA İŞLEMİ	TEŞVİKİYE	2003
778	MUTLU APT.	DIŞ CEPHE ONARIM VE BOYA İŞLEMİ	LEVENT	2003
779	ÖZOL APT.	DIŞ, İÇ CEPHE ONARIM VE BOYA İŞLEMİ	ERENKÖY	2003
780	ÖZKONAK APT.	DIŞ, İÇ CEPHE ONARIM, BOYA VE TERAS YALITIM İŞL.	BEBEK	2003
781	ŞAHİNOĞLU APT	DIŞ CEPHE ONARIM VE BOYA İŞLEMİ	GÖZTEPE	2003
782	ZEYNEP APT.	DIŞ CEPHE ONARIM, BOYA VE ÇATI YALITIM İŞLEMİ	BAKIRKÖY	2003
783	MAYA SİT. 11. BL	DIŞ CEPHE ONARIM, BOYA VE TERAS YALITIM İŞLEMİ	ETİLER	2003
784	MURAT SİT. E-F BL.	DIŞ CEPHE ONARIM, BOYA VE ÇATI YALITIM İŞLEMİ	KOŞUYOLU	2003
785	EMEL APT.	DIŞ CEPHE FİLELİ SIVA İŞLEMİ	TEŞVİKİYE	2003
786	YILDIZ APT.	DIŞ CEPHE MANTOLAMA İŞLEMİ	BEŞİKTAŞ	2003
787	AKGÜL APT.	DIŞ CEPHE FİLELİ SIVA İŞLEMİ	FENERBAHÇE	2003
788	EMEK APT.	ÇATI YALITIM İŞLEMİ	SUADİYE	2003
789	UFUK APT.	DIŞ CEPHE ONARIM, BOYA VE TERAS YALITIM İŞLEMİ	MODA	2003
790	MUTLU APT.	DIŞ CEPHE ONARIM, BOYA VE ÇATI YALITIM İŞLEMİ	SELAMİÇEŞME	2003
791	AS SİT. G-F BLOK	DIŞ CEPHE ONARIM VE BOYA İŞLEMİ	GAYRETTEPE	2003
792	PERİHAN APT.	DIŞ CEPHE ONARIM VE BOYA İŞLEMİ	KOZYATAĞI	2003
793	UĞUR APT.	İÇ CEPHE ONARIM, BOYA VE ÇATI YALITIM İŞLEMİ	KAZASKER	2003
794	DİLEK APT.	DIŞ CEPHE ONARIM VE BOYA İŞLEMİ	SUADİYE	2003
795	CEMİLE HANIM APT.	DIŞ CEPHE ONARIM VE BOYA İŞLEMİ	C.BOSTAN	2003
796	HAKKI AYRI APT.	İÇ CEPHE ONARIM, BOYA VE ÇATI YALITIM İŞLEMİ	ERENKÖY	2003
797	YONCA APT.	DIŞ, İÇ CEPHE ONARIM VE BOYA İŞLEMİ	ÜSKÜDAR	2003
798	UĞUR SİT.	DIŞ CEPHE ONARIM VE BOYA İŞLEMİ	ETİLER	2003
799	MERT APT.	DIŞ CEPHE ONARIM VE BOYA İŞLEMİ	MECİDİYEKÖY	2003
800	DR. BÜRGE APT.	ÇATI YALITIM VE GÜÇLENDİRME İŞLEMİ	SUADİYE	2003
801	DİNÇEL APT.	DIŞ CEPHE ONARIM VE BOYA İŞLEMİ	SUADİYE	2003
802	EMEK SİT.	DIŞ, İÇ CEPHE ONARIM VE BOYA İŞLEMİ	TUZLA	2003
803	NEŞE APT.	DIŞ CEPHE ONARIM VE BOYA İŞLEMİ	LEVENT	2003
804	BAYRI APT.	DIŞ, İÇ CEPHE ONARIM VE BOYA İŞLEMİ	CADDEBOSTAN	2003
805	ŞALE APT.	DIŞ CEPHE MANTOLAMA İŞLEMİ	BEŞİKTAŞ	2003
806	OBA APT.	DIŞ, İÇ CEPHE ONARIM VE BOYA İŞLEMİ	CİHANGİR	2003
807	MAYA SİT. O BL	DIŞ CEPHE ONARIM, BOYA VE ÇATI YALITIM İŞLEMİ	AKATLAR	2003
808	SERDAR SİT.	DIŞ CEPHE ONARIM VE BOYA İŞLEMİ	BOSTANCI	2003
809	BOĞAZİÇİ APT.	TERAS YALITIM İŞLEMİ	BALTALİMANI	2003
810	TOPRAK SİT.	DIŞ, İÇ CEPHE ONARIM VE BOYA İŞLEMİ	YEŞİLKÖY	2003
811	ADALET SİT.	ÇATI YALITIM İŞLEMİ	TARABYA 	2003
812	ASYA APT.	DIŞ, İÇ CEPHE ONARIM VE BOYA İŞLEMİ	C.BOSTAN	2003
813	ŞÜKRANPALAS APT	DIŞ, İÇ CEPHE ONARIM, BOYA VE ÇATI YALITIM İŞL.	ZİVERBEY	2003
814	SARICA APT.	DIŞ CEPHE MANTOLAMA İŞLEMİ	ERENKÖY	2003
815	ANI APT.	DIŞ CEPHE ONARIM VE BOYA İŞLEMİ	CADDEBOSTAN	2003
816	GZT. SİT. D3 BL.	DIŞ CEPHE ONARIM VE BOYA İŞLEMİ	MASLAK	2003
817	GZT. SİT. C2 BL.	DIŞ CEPHE ONARIM VE BOYA İŞLEMİ	MASLAK	2003
818	YAZGAN APT.	DIŞ CEPHE MANTOLAMA İŞLEMİ	KOZYATAĞI	2003
819	GEZİ APT.	DIŞ CEPHE ONARIM VE BOYA İŞLEMİ	MODA	2003
820	ÖZVERİ APT.	DIŞ CEPHE ONARIM, BOYA VE ÇATI YALITIM İŞLEMİ	MASLAK	2003
821	MEHMET ÖNKAL BİNASI	ÇATI YALITIM İŞLEMİ	RUMELİHİSARI	2003
822	KELEŞOĞLU APT.	ÇATI VE TERAS YALITIM İŞLEMİ	BALTALİMANI	2003
823	CEVZA SEVGEN BİNASI	DIŞ CEPHE ONARIM VE BOYA İŞLEMİ	YENİKÖY	2003
824	MAYA SİT. G. BL.	DIŞ CEPHE MANTOLAMA VE ÇATI YALITIM İŞLEMİ	AKATLAR	2003
825	DOĞAN APT.	DIŞ CEPHE ONARIM VE BOYA İŞLEMİ	ETİLER	2003
826	SAĞBİL APT.	DIŞ CEPHE ONARIM VE BOYA İŞLEMİ	TEŞVİKİYE	2003
827	BARCLAY 13	DIŞ CEPHE ONARIM VE BOYA İŞLEMİ	PARKMAYA	2003
828	EKİNCİ APT.	DIŞ CEPHE ONARIM VE BOYA İŞLEMİ	ERENKÖY	2003
829	MAYA 10. BL	DIŞ CEPHE ONARIM VE BOYA İŞLEMİ	ETİLER	2003
830	YAŞARBEY APT.	DIŞ CEPHE ONARIM VE BOYA İŞLEMİ	CADDEBOSTAN	2003
831	İŞBANK A5 BLOK	ÇATI YALITIM İŞLEMİ	ACIBADEM	2003
832	KENT APT. A-B BL.	DIŞ CEPHE ONARIM VE BOYA İŞLEMİ	ŞİŞLİ	2003
833	LEVENT KONAK APT.	DIŞ, İÇ CEPHE ONARIM VE BOYA İŞLEMİ	LEVENT	2003
834	ÇELEBİ APT.	DIŞ CEPHE MANTOLAMA İŞLEMİ	ORTAKÖY	2003
835	MEGA İŞ MERKEZİ	TERAS YALITIM İŞLEMİ	M.KÖY	2003
836	DİLEK APT.	DIŞ CEPHE ONARIM, BOYA VE ÇATI YALITIM İŞLEMİ	LEVENT	2003
837	KURTOĞLU SİT.	DIŞ CEPHE MANTOLAMA İŞLEMİ	K.YALI	2003
838	G.O.PAŞA BELEDİYE	DIŞ CEPHE ONARIM VE BOYA İŞLEMİ	GAZİOSMANPAŞA	2003
839	GZT. SİT. A^3 BL.	DIŞ CEPHE ONARIM, BOYA VE ÇATI YALITIM İŞLEMİ	MASLAK	2003
840	ŞAFAK APT.	DIŞ CEPHE TAMİR VE BOYA İŞLEMİ	İDEALTEPE	2004
841	ONLAR APT.	TERAS VE DIŞ CEPHE İŞLEMİ	ETİLER	2004
842	HAMİT ERDEM	DIŞ CEPHE MANTOLAMA İŞLEMİ	B.PAŞA	2004
843	KARAMUK APT.	DIŞ CEPHE TAMİR VE BOYA İŞLEMİ	K.YALI	2004
844	ŞAHİKA APT.	DIŞ CEPHE TAMİR VE BOYA İŞLEMİ	SARIYER	2004
845	ERDENER APT.	DIŞ CEPHE VE ÇATI İŞLEMİ	SUADİYE	2004
846	ALKAN APT.	DIŞ CEPHE VE ÇATI İŞLEMİ	KALAMIŞ	2004
847	REŞATBEY APT.	DIŞ-İÇ CEPHE  BOYA İŞLEMİ	C.BOSTAN	2004
848	P.MAYA ASTOR 15	DIŞ CEPHE TAMİR VE BOYA İŞLEMİ	AKATLAR	2004
849	ÇİÇEK APT.	DIŞ CEPHE TAMİR VE BOYA İŞLEMİ	KÜÇÜKYALI	2004
850	BİRTAŞ APT.	DIŞ CEPHE TAMİR VE BOYA İŞLEMİ	SUADİYE	2004
851	SETBAŞI APT.	DIŞ-İÇ CEPHE TAMİR VE BOYA İŞL.	BEŞİKTAŞ	2004
852	PAK APT.	DIŞ CEPHE TAMİR VE BOYA İŞLEMİ	ŞİŞLİ	2004
853	GÜDER APT.	DIŞ CEPHE TAMİR SIVA,BOYA İŞL.	FENERYOLU	2004
854	BARIŞ APT.	DIŞ CEPHE VE ÇATI İŞLEMİ	KÜÇÜKYALI	2004
855	YAKUT APT.	DIŞ CEPHE TAMİR VE BOYA İŞLEMİ	YEŞİLYURT	2004
856	SARAL SİT.A1 BL.	DIŞ CEPHE MANTOLAMA İŞLEMİ	GAYRETTEPE	2004
857	ŞAKİR APT.	MANTOLAMA VE BOYA İŞLEMİ	GÖZTEPE	2004
858	YALVAÇ APT.	DIŞ CEPHE TAMİR VE BOYA İŞLEMİ	Ç.HAVUZLAR	2004
859	HUZUR APT.	DIŞ CEPHE TAMİR VE BOYA İŞLEMİ	ŞİŞLİ	2004
860	MUSTAFA AYKIN	VİLLALAR DIŞ CEPHE İŞLEMİ	TUZLA	2004
861	DİLEK APT.	ÇATI YALITIM İŞLEMİ	SUADİYE	2004
862	GÜNEYSU APT.	DIŞ CEPHE VE ÇATI İŞLEMİ	SUADİYE	2004
863	KUDRET APT.	DIŞ CEPHE VE ÇATI İŞLEMİ	BAKIRKÖY	2004
864	SANATÇ.SİT.25B	DIŞ CEPHE MANTOLAMA İŞLEMİ	TARABYA	2004
865	GÜNEYSU APT.	DIŞ CEPHE FİLELİ SIVA BOYA İŞL.	GÖZTEPE	2004
866	ARCA APT.	DIŞ CEPHE TAMİR VE BOYA İŞLEMİ	GÖZTEPE	2004
867	BOZOVA APT.	DIŞ-İÇ CEPHE BOYA İŞLEMİ	KÜÇÜKYALI	2004
868	GÖKSU APT.	DIŞ CEPHE SÖKÜM,SIVA,BOYA İŞL.	T.KOPARAN	2004
869	MURAT-FUATB.APT.	DIŞ CEPHE SIVA VE BOYA İŞLEMİ	Ç.HAVUZLAR	2004
870	M.AYVACI  APT.	DIŞ CEPHE VE ÇATI İŞLEMİ	FENERYOLU	2004
871	CAHİDE HANIM APT.	DIŞ CEPHE SIVA VE BOYA İŞLEMİ	YEŞİLYURT	2004
872	DİLEK APT.	DIŞ-İÇ CEPHE TAMİR VE BOYA İŞL.	M.KÖY	2004
873	DENİZ APT.	DIŞ-İÇ CEPHE VE ÇATI İŞLEMİ	MODA	2004
874	BAYRAMBEY APT.	DIŞ CEPHE TAMİR VE BOYA İŞLEMİ	KOZYATAĞI	2004
875	GİRNE APT.	DIŞ-İÇ CEPHE BOYA İŞLEMİ	KÜÇÜKYALI	2004
876	KOÇBANK EĞT.MRK.	DIŞ CEPHE TAMİR VE BOYA İŞLEMİ	ÇAYIROVA	2004
877	BERKMAN APT.	DIŞ CEPHE TAMİR VE BOYA İŞLEMİ	K.TOPRAK	2004
878	ÇEVRE APT.	MANTOLAMA VE  BOYA İŞLEMİ	ORTAKÖY	2004
879	DÜNYAPALAS C-D	BETONARME SU DEPOSU YAPIMI	AKATLAR	2004
880	KAVAKLI APT.	MANTOLAMA VE ÇATI İŞLEMİ	DİKİLİTAŞ	2004
881	YAĞIZ-YILMAZ AP.	DIŞ CEPHE TAMİR VE BOYA İŞLEMİ	SUADİYE	2004
882	ABDULLAHBEY APT	MANTOLAMA VE BOYA İŞLEMİ	KALAMIŞ	2004
883	YALAZ APT.	DIŞ CEPHE TAMİR VE BOYA İŞLEMİ	KUYUBAŞI	2004
884	SANATÇ.SİT. 29B BL	DIŞ-İÇ CEPHE TAMİR VE BOYA İŞL.	TARABYA	2004
885	AHMET EREN	DIŞ CEPHE TAMİR VE BOYA İŞLEMİ	ÇENGELKÖY	2004
886	MURAT APT.	DIŞ-İÇ CEPHE VE ÇATI İŞLEMİ	ULUS	2004
887	DERYA 85 E BLOK	DIŞ CEPHE SIVA VE BOYA İŞLEMİ	ACIBADEM	2004
888	EBRU APT.	DIŞ CEPHE TAMİR VE BOYA İŞLEMİ	TEŞVİKİYE	2004
889	ZEHRAHANIM APT.	DIŞ-İÇ CEPHE  İŞLEMİ	DİKİLİTAŞ	2004
890	GZT.SİT.D4 BLOK	DIŞ-İÇ CEPHE ÇATI İŞLEMİ	MASLAK	2004
891	ÇAMLIK APT.	DIŞ CEPHE TAMİR VE BOYA İŞLEMİ	SUADİYE	2004
892	UĞUR APT.	ÇATI YALITIM İŞLEMİ	ŞİŞLİ	2004
893	TOKTAMIŞ  ATEŞ	DIŞ CEPHE TAMİR VE BOYA İŞLEMİ	AĞAÇLI 	2004
894	MELTEM APT.	DIŞ CEPHE TAMİR VE BOYA İŞLEMİ	EMİRGAN	2004
895	BAĞ APT.	DIŞ CEPHE SIVA VE BOYA İŞLEMİ	ULUS	2004
896	EREN KONAK APT.	DIŞ CEPHE VE ÇATI İŞLEMİ	KALAMIŞ	2004
897	SAKARYA APT.	DIŞ CEPHE VE ÇATI İŞLEMİ	KADIKÖY	2004
898	AYNUR APT.	DIŞ CEPHE TAMİR VE BOYA İŞLEMİ	LEVENT	2004
899	YAPRAK APT.	DIŞ CEPHE TAMİR VE BOYA İŞLEMİ	GÖZTEPE	2004
900	KALYON APT.	DIŞ CEPHE VE ÇATI İŞLEMİ	KÜÇÜKYALI	2004
901	MANOLYA APT.	DIŞ CEPHE TAMİR VE BOYA İŞLEMİ	ERENKÖY	2004
902	SANATÇILAR 26C BL.       	DIŞ CEPHE MANTOLAMA İŞLEMİ	TARABYA	2004
903	ÇELİK APT.	DIŞ CEPHE VE ÇATI İŞLEMİ	GAYRETTEPE	2004
904	AZİM APT.	DIŞ CEPHE MANTOLAMA İŞLEMİ	ERENKÖY	2004
905	HİKMET APT.	DIŞ CEPHE MANTOLAMA İŞLEMİ	GÖZTEPE	2004
906	KORUKENT SİTESİ	DIŞ CEPHE TAMİR VE BOYA İŞLEMİ	LEVENT	2004
907	BAYRI APT.	ÇATI YALITIM İŞLEMİ	C.BOSTAN	2004
908	SERVİ APT.	DIŞ CEPHE MANTOLAMA İŞLEMİ	SUADİYE	2004
909	HÜRRİYET APT.	TERAS YALITIM İŞLEMİ	ETİLER	2004
910	DÜNYAPAS A-B BL	DIŞ CEPHE MANTOLAMA İŞLEMİ	AKATLAR	2004
911	ELEKTRİK MÜH.SİT.	DIŞ CEPHE TAMİR VE BOYA İŞLEMİ	MASLAK	2004
912	ORTAKLAR APT.	DIŞ CEPHE VE ÇATI İŞLEMİ	ŞİŞLİ	2004
913	HÜRRİYET APT.	DIŞ CEPHE SÖKÜM SIVA VE BOYA İŞ.	MODA	2004
914	GZT.SİT.D3 BLOK	ÇATI YALITIM İŞLEMİ	MASLAK	2004
915	OSNAZ APT.	BETONARME SU DEPOSU YAPIMI	C.BOSTAN	2004
916	ÖZLEM APT.	BETONARME SU DEPOSU YAPIMI	C.BOSTAN	2004
917	BURÇ APT.	DIŞ CEPHE MANTOLAMA İŞLEMİ	LEVENT	2004
918	MAYA SİT.H BLOK	DIŞ CEPHE TAMİR VE BOYA İŞLEMİ	AKATLAR	2004
919	HATİPOĞLU APT.	DIŞ CEPHE VE ÇATI İŞLEMİ	FENERYOLU	2004
920	PİRELLİ APT.	DIŞ CEPHE MANTOLAMA İŞLEMİ	Y.LEVENT	2004
921	DİLEK APT.	MANTOLAMA VE ÇATI İŞLEMİ	ETİLER	2004
922	SARITAŞ APT.	ÇATI YALITIM İŞLEMİ	ZİVERBEY	2004
923	IŞIK APT.	DIŞ CEPHE TAMİR VE BOYA İŞLEMİ	ULUS	2004
924	NEVİN GÜRSOY	VİLLA DIŞ CEPHE VE ÇATI İŞLEMİ	ETİLER	2004
925	ÇAĞDAŞ APT.	MANTOLAMA VE ÇATI İŞLEMİ	BEŞİKTAŞ	2004
926	NUR APT.	DIŞ-İÇ CEPHE TAMİR VE BOYA İŞL.	ŞİŞHANE	2004
927	ALİYE APT.	DIŞ-İÇ CEPHE TAMİR VE BOYA İŞL.	ERENKÖY	2004
928	GZT.SİT.A5 BLOK	BODRUM ZEMİN KAPLAMA İŞLEMİ	MASLAK	2004
929	MEYDAN APT.	ÇATI YALITIM İŞLEMİ	BOSTANCI	2004
930	BAHÇE APT.	DIŞ CEPHE TAMİR VE BOYA İŞLEMİ	TAKSİM	2004
931	ÖNAL APT.	DIŞ CEPHE MANTOLAMA İŞLEMİ	LEVENT	2004
932	ESKİ OSMANLI 29	DIŞ CEPHE VE ÇATI İŞLEMİ	M.KÖY	2004
933	HİSAR APT.	ÇATI YALITIM İŞLEMİ	S.ÇEŞME	2004
934	İMREN 2 APT.	DIŞ CEPHE TAMİR VE BOYA İŞLEMİ	GÖZTEPE	2004
935	ARKAN 1-2 APT.	DIŞ CEPHE TAMİR VE BOYA İŞLEMİ	ŞİŞLİ	2004
936	KÖŞK APT.	DIŞ-İÇ CEPHE TAMİR VE BOYA İŞL.	İDEALTEPE	2004
937	NEFİBEY APT.	DIŞ CEPHE TAMİR VE BOYA İŞLEMİ	SUADİYE	2004
938	6.GZT.SİT.B1 BLOK	DIŞ CEPHE MANTOLAMA İŞLEMİ	LEVENT	2004
939	CNR FUAR MERKEZİ	ÇATI YALITIM İŞLEMİ	YEŞİLKÖY	2004
940	SAADET YURDA APT.	DIŞ CEPHE TAMİR VE BOYA İŞLEMİ	ŞİŞLİ	2004
941	ERALP APT.	DIŞ CEPHE MANTOLAMA İŞLEMİ	ERENKÖY	2004
942	TOKGÖZ APT.	ÇATI YALITIM İŞLEMİ	BOSTANCI	2005
943	DÜNYA PALAS APT.	BETONARME SU DEPOSU YAPIMI İŞLEMİ	AKATLAR	2005
944	TEŞVİKİYE APT.	DIŞ CEPHE MANTOLAMA VE BOYA İŞLEMİ	TEŞVİKİYE	2005
945	LÜTFİYE APT.	DIŞ CEPHE ONARIM VE BOYA İŞLEMİ	ŞAŞKINBAKKAL	2005
946	ŞENOL UYGUR BİNASI	DIŞ CEPHE MANTOLAMA VE BOYA İŞLEMİ	ÇELİKTEPE	2005
947	ŞÜKRÜBEY APT.	ÇATI YALITIM İŞLEMİ	TEŞVİKİYE	2005
948	EMEK APT.	DIŞ, İÇ CEPHE ONARIM, BOYA VE TERAS YALITIM İŞL.	TEŞVİKİYE	2005
949	ŞAMİLPAŞA EVLERİ	DIŞ CEPHE ONARIM VE BOYA İŞLEMİ	BEŞİKTAŞ	2005
950	AYDIN APT.	DIŞ CEPHE FİLELİ SIVA İŞLEMİ	NİŞANTAŞI	2005
951	BARLO APT.	DIŞ CEPHE ONARIM VE BOYA İŞLEMİ	NİŞANTAŞI	2005
952	MÜHÜRDAROĞLU APT.	DIŞ, İÇ CEPHE ONARIM VE BOYA İŞLEMİ	MODA	2005
953	BAYAN APT.	DIŞ CEPHE ONARIM VE BOYA İŞLEMİ	CİHANGİR	2005
954	YEDİ EMEKÇİ APT.	ÇATI YALITIM İŞLEMİ	DİKİLİTAŞ	2005
955	LADİN APT.	DIŞ CEPHE MANTOLAMA İŞLEMİ	ERENKÖY	2005
956	İETT 3. BL.	DIŞ CEPHE ONARIM VE BOYA İŞLEMİ	OKMEYDANI	2005
957	MECİTBEY APT.	DIŞ CEPHE ONARIM VE BOYA İŞLEMİ	ERENKÖY	2005
958	PEKİN APT.	DIŞ, İÇ CEPHE ONARIM VE BOYA İŞLEMİ	TEŞVİKİYE	2005
959	İSPİLANDİT APT.	DIŞ, İÇ CEPHE ONARIM VE BOYA İŞLEMİ	TEŞVİKİYE	2005
960	MURAT APT.	ÇATI YALITIM İŞLEMİ	MODA	2005
961	KALYONCU APT.	DIŞ CEPHE ONARIM VE BOYA İŞLEMİ	BALMUMCU	2005
962	GÖKOVA APT.	DIŞ CEPHE FİLELİ SIVA İŞLEMİ	ERENKÖY	2005
963	MİNE APT.	DIŞ, İÇ CEPHE ONARIM VE BOYA İŞLEMİ	SUADİYE	2005
964	ŞENEL ERGÜN BİNASI	DRENAJ VE YALITIMI	GÜLTEPE	2005
965	İBAK SİT. A BL.	DIŞ CEPHE ONARIM VE BOYA İŞLEMİ	SUADİYE	2005
966	ÜÇKAYASAN APT.	DIŞ, İÇ CEPHE ONARIM VE BOYA İŞLEMİ	KOZYATAĞI	2005
967	VALİDEBAĞ SİT. 7-8 BL.	DIŞ CEPHE ONARIM VE BOYA İŞLEMİ	KOŞUYOLU	2005
968	MODERN APT.	DIŞ, İÇ CEPHE ONARIM VE BOYA İŞLEMİ	TEŞVİKİYE	2005
969	GÖKÇE APT.	DIŞ, İÇ CEPHE ONARIM VE BOYA İŞLEMİ	KAZASKER	2005
970	BOĞAZİÇİ APT.	DIŞ CEPHE ONARIM VE BOYA İŞLEMİ	ULUS	2005
971	ÇAMLIK APT.	DIŞ, İÇ CEPHE ONARIM VE BOYA İŞLEMİ	FENERYOLU	2005
972	GÜNEYSU APT.	DIŞ CEPHE ONARIM VE BOYA İŞLEMİ	ERENKÖY	2005
973	ŞİRİN APT. B BL.	DIŞ CEPHE ONARIM VE BOYA İŞLEMİ	YEŞİLYURT	2005
974	MAVİ KÖŞK APT.	DIŞ CEPHE ONARIM VE BOYA İŞLEMİ	ERENKÖY	2005
975	SİRAL SİT.	DIŞ CEPHE ONARIM, BOYA VE ÇATI YALITIM İŞLEMİ	ULUS	2005
976	HACER HANIM APT.	DIŞ CEPHE ONARIM VE BOYA İŞLEMİ	FENERYOLU	2005
977	ONUR APT.	DIŞ CEPHE ONARIM VE BOYA İŞLEMİ	GÖZTEPE	2005
978	MAYA SİT. T - V BL.	DIŞ CEPHE ONARIM, BOYA VE ÇATI YALITIM İŞLEMİ	AKATLAR	2005
979	IŞIL APT.	DIŞ CEPHE ONARIM, BOYA, YENİ ÇATI VE DEPO İŞL.	GÖZTEPE	2005
980	TÜRKMEN APT.	DIŞ CEPHE ONARIM, BOYA VE ÇATI YALITIM İŞLEMİ	BOSTANCI	2005
981	BOZBEY APT.	DIŞ, İÇ CEPHE ONARIM VE BOYA İŞLEMİ	AKATLAR	2005
982	BOSTANLAR APT.	DIŞ CEPHE ONARIM, BOYA VE ÇATI YALITIM İŞLEMİ	GÖZTEPE	2005
983	MELEK APT.	DIŞ CEPHE ONARIM VE BOYA İŞLEMİ	AYASPAŞA	2005
984	ALBAYRAK APT.	DIŞ CEPHE MANTOLAMA İŞLEMİ	DİKİLİTAŞ	2005
985	OTEL NİZAPARK	DIŞ CEPHE ONARIM VE BOYA İŞLEMİ	ESENTEPE	2005
986	GÜVEN POLAT APT.	ÇATI YALITIM İŞLEMİ	MECİDİYEKÖY	2005
987	SAKARYALI APT.	DIŞ CEPHE ONARIM, BOYA VE ÇATI YALITIM İŞLEMİ	ARNAVUTKÖY	2005
988	SARICA APT.	YENİ ÇATI  YAPIM İŞLEMİ	ERENKÖY	2005
989	TURKUAZ APT.	DIŞ CEPHE ONARIM VE BOYA İŞLEMİ	YEŞİLYURT	2005
990	HUZUR APT.	DIŞ CEPHE MANTOLAMA İŞLEMİ	GAYRETTEPE	2005
991	BARIŞ APT.	DIŞ, İÇ CEPHE ONARIM VE BOYA İŞLEMİ	YEŞİLYURT	2005
992	ALAN APT.	DIŞ CEPHE ONARIM VE BOYA İŞLEMİ	ŞAŞKINBAKKAL	2005
993	PROF.DR. EKREM EREK BİNASI	DIŞ CEPHE MANTOLAMA İŞLEMİ	RUMELİHİSARI	2005
994	ONUR APT.	DIŞ CEPHE ONARIM VE BOYA İŞLEMİ	SELAMİÇEŞME	2005
995	ETEN APT.	ÇATI YALITIM VE İÇ CEPHE BOYA İŞLEMİ	GÖZTEPE	2005
996	NURDAN APT.	DIŞ CEPHE MANTOLAMA İŞLEMİ	ORTAKÖY	2005
997	TOPÇUOĞLU APT.	DIŞ CEPHE ONARIM, BOYA VE ÇATI YALITIM İŞLEMİ	SUADİYE	2005
998	VENÜS APT.	DIŞ CEPHE MANTOLAMA İŞLEMİ	AKATLAR	2005
999	SOYBAŞ APT.	DIŞ CEPHE ONARIM, BOYA VE ÇATI YALITIM İŞLEMİ	ALTINTEPE	2005
1000	EROL ALTACA LİSESİ BİNASI	DIŞ CEPHE MANTOLAMA İŞLEMİ	TARABYA	2005
1001	KAMER SİT. 16. BL.	DIŞ CEPHE ONARIM, BOYA VE ÇATI YALITIM İŞLEMİ	ULUS	2005
1002	GÜNEŞ APT.	DIŞ CEPHE MANTOLAMA İŞLEMİ	OKMEYDANI	2005
1003	TARABYA SİT. 4. BL.	DIŞ CEPHE MANTOLAMA VE ÇATI YALITIM İŞLEMİ	TARABYA	2005
1004	KÖŞE APT.	DIŞ CEPHE ONARIM VE BOYA İŞLEMİ	TEŞVİKİYE	2005
1005	ÇAĞATAY APT.	ÇATI YALITIM İŞLEMİ	SUADİYE	2005
1006	DİLEK APT.	DIŞ CEPHE MANTOLAMA İŞLEMİ	DİKİLİTAŞ	2005
1007	S & F PROSİSTEM BİNASI	DIŞ CEPHE MANTOLAMA İŞLEMİ	ORTAKÖY	2005
1008	ALİ BEKAR BİNASI	ÇATI VE TERAS YALITIM İŞLEMİ	NİŞANTAŞI	2005
1009	SEYİR APT.	DIŞ CEPHE MANTOLAMA İŞLEMİ	MECİDİYEKÖY	2005
1010	VAROL APT.	DIŞ CEPHE ONARIM VE BOYA İŞLEMİ	KIZILTOPRAK	2005
1011	ATAKAN APT.	DIŞ CEPHE ONARIM VE BOYA İŞLEMİ	SUADİYE	2005
1012	6. GZT. SİT. B1 BL.	DIŞ CEPHE MANTOLAMA İŞLEMİ	LEVENT	2005
1013	K.ÇAMLIK SİT. B2 BL.	DIŞ CEPHE MANTOLAMA İŞLEMİ	ETİLER	2005
1014	AFŞAR APT.	DIŞ CEPHE MANTOLAMA İŞLEMİ	GÖZTEPE	2005
1015	DERYA APT.	DIŞ CEPHE MANTOLAMA İŞLEMİ	AKARETLER	2005
1016	KORAY APT.	DIŞ CEPHE MANTOLAMA İŞLEMİ	M.KÖY	2005
1017	BİLAL APT.	DIŞ CEPHE MANTOLAMA İŞLEMİ	MECİDİYEKÖY	2005
1018	CAN APT.	DIŞ CEPHE ONARIM VE BOYA İŞLEMİ	KOZYATAĞI	2005
1019	ÇİÇEK APT.	DIŞ CEPHE ONARIM VE BOYA İŞLEMİ	ETİLER	2005
1020	KUTMEN APT.	DIŞ CEPHE MANTOLAMA İŞLEMİ	GÖZTEPE	2005
1021	KARAORMAN APT.	DIŞ CEPHE ONARIM VE BOYA İŞLEMİ	GÖZTEPE	2005
1022	FUJİ FİLM BİNASI	DIŞ CEPHE MANTOLAMA VE TERAS YALITIM İŞLEMİ	HALKALI	2005
1023	YEŞİM APT.	ÇATI YALITIM İŞLEMİ	MECİDİYEKÖY	2005
1024	GÜN APT.	DIŞ CEPHE ONARIM VE BOYA İŞLEMİ	MECİDİYEKÖY	2005
1025	BANU APT.	DIŞ CEPHE MANTOLAMA İŞLEMİ	MODA	2005
1026	ARZUM APT.	DIŞ CEPHE MANTOLAMA İŞLEMİ	GÖZTEPE	2005
1027	ERDEM APT.	DIŞ CEPHE ONARIM VE BOYA İŞLEMİ	LEVENT	2005
1028	BELER APT.	DIŞ CEPHE MANTOLAMA VE ÇATI YALITIM İŞLEMİ	CİHANGİR	2005
1029	4 MİM APT. 	DIŞ CEPHE MANTOLAMA VE ÇATI YALITIM İŞLEMİ	ETİLER	2005
1030	DENİZ APT.	DIŞ CEPHE MANTOLAMA İŞLEMİ	GÖZTEPE	2005
1031	GÜMÜŞKONAK APT.	DIŞ CEPHE FİLELİ SIVA İŞLEMİ	GÜMÜŞSUYU	2005
1032	NAMİBEY APT.	ÇATI YALITIM İŞLEMİ	FATİH	2005
1033	FUJİ FİLM BİNASI	TERAS YALITIM VE İÇ DEKORASYON İŞLEMİ	SEFAKÖY	2006
1034	SAĞLIK APT.	DIŞ CEPHE ONARIM, BOYA VE ÇATI YALITIM İŞLEMİ	ŞİŞLİ	2006
1035	GÜNGÖR APT.	DIŞ CEPHE ONARIM VE BOYA İŞLEMİ	SUADİYE	2006
1036	AKASYALI SOK. NO:1 APT.	DIŞ CEPHE MANTOLAMA VE ÇATI YALITIM İŞLEMİ	4. LEVENT	2006
1037	MEHMET GÜDE BİNASI	DIŞ CEPHE MANTOLAMA VE ÇATI YALITIM İŞLEMİ	SİNANOBA	2006
1038	YILDIZ APT.	DIŞ CEPHE ONARIM VE BOYA İŞLEMİ	TEŞVİKİYE	2006
1039	COŞKUN APT.	DIŞ CEPHE ONARIM VE BOYA İŞLEMİ	GÖZTEPE	2006
1040	TİKVEŞLİ APT.	DIŞ CEPHE ONARIM, BOYA VE ÇATI YALITIM İŞLEMİ	TEŞVİKİYE	2006
1041	ÖZTAN APT.	DRENAJ VE ZEMİN KAPLAMA İŞLEMİ	GÖZTEPE	2006
1042	GÜLSARAY APT.	DIŞ CEPHE ONARIM VE BOYA İŞLEMİ	SUADİYE	2006
1043	MÜNEVVERKONAK APT.	DIŞ CEPHE MANTOLAMA İŞLEMİ	BEBEK	2006
1044	YENİÇERİ APT.	DIŞ CEPHE ONARIM VE BOYA İŞLEMİ	BEŞİKTAŞ	2006
1045	ORTAKLAR APT.	DIŞ CEPHE ONARIM VE BOYA İŞLEMİ	MECİDİYEKÖY	2006
1046	PAKSA APT.	DIŞ CEPHE ONARIM, BOYA VE ÇATI YALITIM İŞLEMİ	BOSTANCI	2006
1047	TAYMAN APT.	DIŞ CEPHE ONARIM, BOYA VE ÇATI YALITIM İŞLEMİ	TEŞVİKİYE	2006
1048	MERMER APT.	DIŞ CEPHE ONARIM VE BOYA İŞLEMİ	TAKSİM	2006
1049	SPOR YAZARLARI B5 BL.	DIŞ CEPHE MANTOLAMA İŞLEMİ	AKATLAR	2006
1050	SEREN APT.	DIŞ CEPHE MANTOLAMA İŞLEMİ	BEŞİKTAŞ	2006
1051	ŞİRİN APT.	DIŞ CEPHE MANTOLAMA VE DRENAJ  İŞLEMİ	ADATEPE	2006
1052	YASEMİN APT.	DIŞ CEPHE ONARIM, BOYA VE ÇATI YALITIM İŞLEMİ	ALTINTEPE	2006
1053	NEŞEBEY APT.	DIŞ CEPHE ONARIM VE BOYA İŞLEMİ	MODA	2006
1054	KAYNAK APT.	DIŞ CEPHE ONARIM VE BOYA İŞLEMİ	AKATLAR	2006
1055	UĞUR APT.	DIŞ CEPHE MANTOLAMA İŞLEMİ	LEVENT	2006
1056	FUATPAŞA APT.	DIŞ CEPHE ONARIM, BOYA VE SU DEPOSU YAPIM İŞL.	SUADİYE	2006
1057	ALİGALİP APT.	DIŞ CEPHE ONARIM VE BOYA İŞLEMİ	NİŞANTAŞI	2006
1058	GÖKSU EVLERİ C11 BL.	DRENAJ İŞLEMİ	KAVACIK	2006
1059	KESKİN APT.	ÇATI YALITIM İŞLEMİ	TEŞVİKİYE	2006
1060	DOĞAKENT AÇELYA BL.	DIŞ, İÇ CEPHE ONARIM VE BOYA İŞLEMİ	ULUS	2006
1061	ZÜMRÜT APT.	DIŞ CEPHE MANTOLAMA İŞLEMİ	MECİDİYEKÖY	2006
1062	GAZT. MUH. SİT. A3 BL.	DIŞ CEPHE MANTOLAMA İŞLEMİ	ULUS	2006
1063	AKÇAKAYA APT.	DIŞ CEPHE ONARIM VE BOYA İŞLEMİ	GÖZTEPE	2006
1064	YENİ MARMARA APT.	DIŞ CEPHE FİLELİ SIVA İŞLEMİ	ULUS	2006
1065	ULU APT.	DIŞ CEPHE MANTOLAMA İŞLEMİ	ULUS	2006
1066	SEDA APT.	ÇATI YALITIM İŞLEMİ	SUADİYE 	2006
1067	HAMARAT APT.	ÇATI YALITIM İŞLEMİ	NİŞANTAŞI	2006
1068	GÖKSU EVLERİ C10 BL.	DIŞ CEPHE MANTOLAMA, ÇATI YALITIM VE DRENAJ 	KAVACIK	2006
1069	ÖZGE APT.	DIŞ CEPHE MANTOLAMA İŞLEMİ	PANGALTI	2006
1070	ÜNAL APT.	DIŞ CEPHE ONARIM, BOYA VE ÇATI YALITIM İŞLEMİ	ŞİŞLİ	2006
1071	SARAY APT.	DIŞ CEPHE MANTOLAMA VE ÇATI YALITIM İŞLEMİ	İNCİRLİ	2006
1072	ARDEŞEN APT.	DIŞ CEPHE ONARIM, BOYA VE ÇATI YALITIM İŞLEMİ	ETİLER	2006
1073	AYDEMİR APT.	DIŞ CEPHE ONARIM, BOYA VE ÇATI YALITIM İŞLEMİ	TEŞVİKİYE	2006
1074	KALYON APT.	DIŞ CEPHE MANTOLAMA İŞLEMİ	İSTİNYE	2006
1075	GÜNAYDIN APT.	DIŞ CEPHE ONARIM, BOYA VE ÇATI YALITIM İŞLEMİ	ŞİŞLİ	2006
1076	SPOR YAZARLARI B4 BL	DIŞ CEPHE MANTOLAMA İŞLEMİ	AKATLAR	2006
1077	ÇAMLIK APT.	DIŞ CEPHE ONARIM VE BOYA İŞLEMİ	GÖZTEPE	2006
1078	CİZRAVİ APT.	ÇATI YALITIM İŞLEMİ	OSMANBEY	2006
1079	ÖZ ADALET SİTESİ B BL.	DIŞ CEPHE MANTOLAMA İŞLEMİ	KÜÇÜKBAKKALKÖY	2006
1080	GÜZELHİSAR  APT.	DIŞ CEPHE ONARIM, BOYA VE ÇATI YALITIM İŞLEMİ	LEVENT	2006
1081	FUL APT.	DIŞ CEPHE MANTOLAMA İŞLEMİ	BOSTANCI	2006
1082	1. KISIM A31 BL.	DIŞ CEPHE MANTOLAMA İŞLEMİ	ATAKÖY	2006
1083	SİRAL SİT. A BL.	ÇATI YALITIM İŞLEMİ	ULUS	2006
1084	SİRAL SİT. G BL.	ÇATI YALITIM İŞLEMİ	ULUS	2006
1085	ERKER APT.	DIŞ CEPHE ONARIM, BOYA VE ÇATI YALITIM İŞLEMİ	ŞAŞKINBAKKAL	2006
1086	YAMAÇ APT.	DIŞ CEPHE MANTOLAMA İŞLEMİ	İSTİNYE	2006
1087	GÜMRÜKÇÜLER APT.	DIŞ CEPHE MANTOLAMA İŞLEMİ	KOZYATAĞI	2006
1088	SPOR YAZARLARI B2 BL.	DIŞ CEPHE MANTOLAMA İŞLEMİ	AKATLAR	2006
1089	ALARA APT.	DIŞ CEPHE FİLELİ SIVA İŞLEMİ	ULUS	2006
1090	YILDIZ SARAY APT.	DIŞ CEPHE MANTOLAMA İŞLEMİ	MERTER	2006
1091	ERTAN APT.	ÇATI YALITIM İŞLEMİ	BEŞİKTAŞ	2006
1092	SAY SİT. C BL.	DIŞ CEPHE MANTOLAMA İŞLEMİ	GAYRETTEPE	2006
1093	AKIN YUVAM APT.	DIŞ CEPHE MANTOLAMA İŞLEMİ	ETİLER	2006
1094	TURİZM SİT. 3. BL.	DIŞ CEPHE MANTOLAMA İŞLEMİ	ULUS	2006
1095	GÖKSU EVLERİ C11 BL.	DIŞ CEPHE MANTOLAMA İŞLEMİ	KAVACIK	2006
1096	HEKİMLER SİT. NO:19	DIŞ CEPHE MANTOLAMA İŞLEMİ	KANLICA	2006
1097	İST. ULŞ. ÇAL. KOOP.	DIŞ CEPHE MANTOLAMA İŞLEMİ	AYDOS	2006
1098	SAĞBİL APT.	DIŞ CEPHE MANTOLAMA İŞLEMİ	TEŞVİKİYE	2006
1099	BAĞBAŞI APT.	DIŞ CEPHE ONARIM VE BOYA İŞLEMİ	KAZASKER	2006
1100	PEKER APT.	DIŞ CEPHE MANTOLAMA İŞLEMİ	EMİRGAN	2006
1101	GÜLER APT.	DIŞ CEPHE ONARIM VE BOYA İŞLEMİ	GÖZTEPE	2006
1102	SPOR YAZARLARI B3 BL.	DIŞ CEPHE MANTOLAMA İŞLEMİ	AKATLAR	2006
1103	BOĞAZİÇİ SİT. 4. BL.	DIŞ CEPHE ONARIM, BOYA VE ÇATI YALITIM İŞLEMİ	ULUS	2006
1104	KOZA SİT. 22. BL.	DIŞ CEPHE MANTOLAMA İŞLEMİ	4. LEVENT	2006
1105	SAMİBEY APT.	DIŞ CEPHE ONARIM VE BOYA İŞLEMİ	FENERBAHÇE	2006
1106	İPEK APT.	DIŞ CEPHE MANTOLAMA İŞLEMİ	ÇİFTEHAVUZLAR	2006
1107	UMUT APT.	DIŞ CEPHE MANTOLAMA İŞLEMİ	BAKIRKÖY	2006
1108	ÇELİKER APT.	DIŞ CEPHE MANTOLAMA İŞLEMİ	ÇİFTEHAVUZLAR	2006
1109	AKGÖZ APT.	DIŞ CEPHE VE ÇATI İŞLEMİ	ŞİŞLİ	2006
1110	ÜSTÜN APT.	DIŞ CEPHE MANTOLAMA İŞLEMİ	NİŞANTAŞI	2006
1111	PABAY GRUP BİNASI	DIŞ CEPHE ONARIM VE BOYA İŞLEMİ	FLORYA	2006
1112	TAŞLIK APT.	DIŞ CEPHE ONARIM VE BOYA İŞLEMİ	MAÇKA	2006
1113	HEKİMLER SİT. NO:54	DIŞ CEPHE MANTOLAMA İŞLEMİ	KANLICA 	2006
1114	GÖNÜL HASKAN BİNASI	YENİ ÇATI YAPIM İŞLEMİ	KADIRGA	2006
1115	AKIN SİT.	DIŞ CEPHE ONARIM VE BOYA İŞLEMİ	TARABYA	2006
1116	KALKAVAN YALISI	DIŞ CEPHE MANTOLAMA İŞLEMİ	CELALİYE	2006
1117	SELKENT SİT.	DIŞ CEPHE MANTOLAMA İŞLEMİ	SELİMPAŞA	2006
1118	HÜRTAŞ APT.	DIŞ CEPHE MANTOLAMA İŞLEMİ	MECİDİYEKÖY	2007
1119	NUR APT.	DIŞ CEPHE MANTOLAMA VE ÇATI YALITIM İŞLEMİ	BEŞİKTAŞ	2007
1120	YORULMAZ APT.	DIŞ CEPHE MANTOLAMA İŞLEMİ	NİŞANTAŞI	2007
1121	ANNEM APT.	DIŞ CEPHE ONARIM VE BOYA İŞLEMİ	BOSTANCI	2007
1122	ÜNİTEM BİNASI	DIŞ CEPHE MANTOLAMA İŞLEMİ	ÜMRANİYE	2007
1123	YILDIZ APT.	DIŞ CEPHE ONARIM VE BOYA İŞLEMİ	KÜÇÜKYALI	2007
1124	DERVİŞOĞLU APT.	DIŞ CEPHE MANTOLAMA İŞLEMİ	KİLYOS	2007
1125	ATAOĞLU APT.	DIŞ CEPHE ONARIM VE BOYA İŞLEMİ	KOZYATAĞI	2007
1126	DİLEK APT.	DIŞ CEPHE ONARIM VE BOYA İŞLEMİ	YEŞİLKÖY	2007
1127	SPORYAZARLARI B6 BL.	DIŞ CEPHE MANTOLAMA İŞLEMİ	AKATLAR	2007
1128	YENAL APT.	DIŞ CEPHE ONARIM VE BOYA İŞLEMİ	GÖZTEPE	2007
1129	FEZA APT.	DIŞ CEPHE ONARIM VE BOYA İŞLEMİ	MAÇKA	2007
1130	DOĞAKENT LEYLAK APT.	DIŞ CEPHE ONARIM VE BOYA İŞLEMİ	ULUS	2007
1131	DOĞAKENT ERGUVAN BL.	DIŞ CEPHE ONARIM VE BOYA İŞLEMİ	ULUS	2007
1132	NURHAN APT.	DIŞ CEPHE ONARIM, BOYA VE ÇATI YALITIM İŞLEMİ	BEBEK	2007
1133	HUZUR APT.	DIŞ, İÇ CEPHE ONARIM VE BOYA İŞLEMİ	GÖZTEPE	2007
1134	GÜLER APT.	DIŞ, İÇ CEPHE ONARIM VE BOYA İŞLEMİ	BEŞİKTAŞ	2007
1135	TONGUÇ APT.	DIŞ CEPHE ONARIM VE BOYA İŞLEMİ	ULUS	2007
1136	SEVİNÇ APT.	DIŞ CEPHE MANTOLAMA İŞLEMİ	DİKİLİTAŞ	2007
1137	SEFER APT.	DIŞ CEPHE ONARIM VE BOYA İŞLEMİ	BEŞİKTAŞ	2007
1138	0SMAN AZMİBEY APT.	DIŞ, İÇ CEPHE ONARIM VE BOYA İŞLEMİ	SUADİYE	2007
1139	HAREKET SİT. 10. BL.	DIŞ CEPHE MANTOLAMA İŞLEMİ	ETİLER	2007
1140	ETKİN 2 APT.	DIŞ CEPHE MANTOLAMA İŞLEMİ	KUYUBAŞI	2007
1141	MAYA SİTESİ C BL.	DIŞ CEPHE MANTOLAMA İŞLEMİ	AKATLAR	2007
1142	MARTI APT.	DIŞ CEPHE ONARIM VE BOYA İŞLEMİ	CADDEBOSTAN	2007
1143	BADAR APT.	DIŞ CEPHE MANTOLAMA İŞLEMİ	SUADİYE	2007
1144	DOĞAKENT ZAMBAK BL.	DIŞ CEPHE ONARIM VE BOYA İŞLEMİ	ULUS	2007
1145	MAPA AŞ. BİNASI	DIŞ CEPHE ONARIM VE BOYA İŞLEMİ	SEYRANTEPE	2007
1146	F. ALYANAK APT.	DIŞ CEPHE ONARIM VE BOYA İŞLEMİ	ALTINTEPE	2007
1147	BİRLİK APT.	DIŞ CEPHE ONARIM VE BOYA İŞLEMİ	YEŞİLKÖY	2007
1148	EROL APT.	DIŞ CEPHE ONARIM VE BOYA İŞLEMİ	GAYRETTEPE	2007
1149	NİZAPARK OTEL	DRENAJ VE İÇ BOYA İŞLEMİ	ESENTEPE	2007
1150	ÖRNEK APT.	DIŞ, İÇ CEPHE ONARIM VE BOYA İŞLEMİ	TEŞVİKİYE	2007
1151	ETHEMBEY APT.	DIŞ CEPHE ONARIM VE BOYA İŞLEMİ	SUADİYE	2007
1152	AKSOY APT.	DIŞ, İÇ CEPHE ONARIM VE BOYA İŞLEMİ	FULYA	2007
1153	TURİZM SİT. 4. BL.	DIŞ CEPHE MANTOLAMA İŞLEMİ	ULUS	2007
1154	ÇELİKER APT.	DIŞ CEPHE MANTOLAMA VE ÇATI YALITIM İŞLEMİ	AKATLAR	2007
1155	BAŞARI APT.	DIŞ CEPHE ONARIM VE BOYA İŞLEMİ	TEŞVİKİYE	2007
1156	CEYLAN APT.	DIŞ, İÇ CEPHE ONARIM VE BOYA İŞLEMİ	KADIKÖY	2007
1157	ARMAĞAN SİT.	DIŞ CEPHE ONARIM VE BOYA İŞLEMİ	BAHÇELİEVLER	2007
1158	EM. SUB. EVL. 25. BL.	DIŞ CEPHE MANTOLAMA İŞLEMİ	GAYRETTEPE	2007
1159	IŞIL APT.	DIŞ CEPHE MANTOLAMA İŞLEMİ	BAKIRKÖY	2007
1160	YAKUT APT.	DIŞ CEPHE ONARIM, BOYA VE ÇATI İŞLEMİ	CADDEBOSTAN	2007
1161	DAMLA APT.	DIŞ, İÇ CEPHE ONARIM VE BOYA İŞLEMİ	KOZYATAĞI	2007
1162	MURAT APT.	DIŞ CEPHE ONARIM VE BOYA İŞLEMİ	AKATLAR	2007
1163	ÇAKIR APT.	DIŞ CEPHE ONARIM VE BOYA İŞLEMİ	OSMANBEY	2007
1164	BARIŞ APT.	DIŞ CEPHE MANTOLAMA VE ÇATI YALITIM İŞLEMİ	TEŞVİKİYE	2007
1165	PINAR APT.	DIŞ CEPHE MANTOLAMA İŞLEMİ	BEBEK	2007
1166	BİRLİKKENT SİT.	DIŞ CEPHE MANTOLAMA İŞLEMİ	AVCILAR	2007
1167	TÜRKMEN APT.	DIŞ CEPHE ONARIM VE BOYA İŞLEMİ	BOSTANCI	2007
1168	ALAN APT.	ÇATI YALITIM İŞLEMİ	ERENKÖY	2007
1169	DENİZ APT.	DIŞ CEPHE FİLELİ SIVA İŞLEMİ	BAKIRKÖY	2007
1170	AYDIN SİT. B4 BL.	DIŞ, İÇ CEPHE ONARIM VE BOYA İŞLEMİ	LEVENT	2007
1171	MARMARA SİT. D BL.	DIŞ CEPHE ONARIM VE BOYA İŞLEMİ	ULUS	2007
1172	ALKENT GARDENYA 6	DIŞ CEPHE ONARIM VE BOYA İŞLEMİ	ETİLER	2007
1173	AĞAOĞLU APT.	DIŞ CEPHE ONARIM VE BOYA İŞLEMİ	TEŞVİKİYE	2007
1174	REŞİT ŞAHİN APT.	DIŞ CEPHE ONARIM VE BOYA İŞLEMİ	TEŞVİKİYE	2007
1175	4. GAZ. SİT. C2 BL.	DIŞ CEPHE MANTOLAMA İŞLEMİ	AKATLAR	2007
1176	GÜNAYDIN APT.	DIŞ CEPHE MANTOLAMA İŞLEMİ	GAYRETTEPE	2007
1177	MEDİNE APT.	DIŞ CEPHE ONARIM VE BOYA İŞLEMİ	ERENKÖY	2007
1178	ÖZBAYRAK APT.	DIŞ CEPHE ONARIM VE BOYA İŞLEMİ	GÖZTEPE	2007
1179	1. KISIM. D17 BL.	DIŞ CEPHE ONARIM, BOYA VE TERAS YALITIM İŞLEMİ	ATAKÖY	2007
1180	BALHÜSEYİN APT.	DIŞ CEPHE MANTOLAMA İŞLEMİ	MECİDİYEKÖY	2007
1181	AYAN APT.	DIŞ CEPHE MANTOLAMA İŞLEMİ	BALMUMCU	2007
1182	GARANTİ APT.	DIŞ CEPHE MANTOLAMA İŞLEMİ	ETİLER	2007
1183	HACALOĞLU APT.	DIŞ CEPHE MANTOLAMA İŞLEMİ	GAYRETTEPE	2007
1184	SADABAT SİT. C4 BL.	DIŞ CEPHE MANTOLAMA İŞLEMİ	KAĞITHANE	2007
1185	EVRİM APT.	DIŞ CEPHE ONARIM VE BOYA İŞLEMİ	GAYRETTEPE	2007
1186	NUR APT.	DIŞ CEPHE MANTOLAMA İŞLEMİ	GAYRETTEPE	2007
1187	AKASYA APT.	DIŞ CEPHE MANTOLAMA İŞLEMİ	AKATLAR	2007
1188	AYLİN APT.	DIŞ CEPHE ONARIM VE BOYA İŞLEMİ	MODA	2007
1189	EVİM APT.	DIŞ CEPHE MANTOLAMA İŞLEMİ	BEŞİKTAŞ	2007
1190	KÖŞE APT.	DIŞ CEPHE MANTOLAMA İŞLEMİ	ETİLER	2007
1191	MUTLU APT.	DRENAJ İŞLEMİ	LEVENT	2007
1192	AREV APT.	DIŞ CEPHE ONARIM VE BOYA İŞLEMİ	NİŞANTAŞI	2008
1193	NİNE APT.	DIŞ CEPHE ONARIM VE BOYA İŞLEMİ	ŞİŞLİ	2008
1194	ÇELEBİ - FUAT BEY APT.	DIŞ CEPHE ONARIM VE BOYA İŞLEMİ	FENERYOLU	2008
1195	ERDEM APT.	DIŞ CEPHE ONARIM VE BOYA İŞLEMİ	ACIBADEM	2008
1196	PAKER APT.	DIŞ CEPHE FİLELİ SIVA İŞLEMİ	GÖZTEPE	2008
1197	YUVA 2 APT	DIŞ CEPHE ONARIM VE BOYA İŞLEMİ	ESENTEPE	2008
1198	AKSOY 2 APT.	DIŞ CEPHE MANTOLAMA İŞLEMİ	LEVENT	2008
1199	KOLAY APT.	DIŞ CEPHE ONARIM VE BOYA İŞLEMİ	HARBİYE	2008
1200	SELAMET PASAJI	DIŞ CEPHE FİLELİ SIVA VE TERAS YALITIM İŞLEMİ	ŞİŞLİ	2008
1201	YEŞİL APT.	ÇATI YALITIM İŞLEMİ	ETİLER	2008
1202	MAYA APT.	DIŞ CEPHE MANTOLAMA İŞLEMİ	YEŞİLKÖY	2008
1203	MÜNEVVER HANIM APT.	DIŞ CEPHE MANTOLAMA İŞLEMİ	DİKİLİTAŞ	2008
1204	HİDAYET APT.	DIŞ CEPHE ONARIM VE BOYA İŞLEMİ	KÜÇÜKYALI	2008
1205	AHENK APT.	DIŞ CEPHE ONARIM VE BOYA İŞLEMİ	ŞİŞLİ	2008
1206	ATAMIN APT.	DIŞ CEPHE ONARIM VE BOYA İŞLEMİ	ŞİŞLİ	2008
1207	ÇELİK APT.	DIŞ CEPHE ONARIM VE BOYA İŞLEMİ	GÜMÜŞSUYU	2008
1208	ÇAĞLAYAN APT.	DIŞ CEPHE FİLELİ SIVA İŞLEMİ	BAKIRKÖY	2008
1209	PALMİYE APT.	DIŞ CEPHE ONARIM VE BOYA İŞLEMİ	ZİVERBEY	2008
1210	KIBRIS APT.	DIŞ CEPHE MANTOLAMA VE ÇATI YALITIM İŞLEMİ	ORTAKÖY	2008
1211	HAREKET SİT. 18. BL.	DIŞ CEPHE MANTOLAMA VE ÇATI YALITIM İŞLEMİ	ETİLER	2008
1212	ÇİFTÇİOĞLU APT.	DIŞ CEPHE FİLELİ SIVA İŞLEMİ	LEVENT	2008
1213	FATİH APT.	DIŞ CEPHE FİLELİ SIVA İŞLEMİ	YEŞİLKÖY	2008
1214	SARIKONAK APT.	DIŞ CEPHE ONARIM VE BOYA İŞLEMİ	BEŞİKTAŞ	2008
1215	SARUHAN APT.	DIŞ CEPHE FİLELİ SIVA İŞLEMİ	ÇİFTEHAVUZLAR	2008
1216	GÜLYÜZ YOLGA BİNASI	DIŞ CEPHE FİLELİ SIVA İŞLEMİ	BAYRAMOĞLU	2008
1217	MEHMET UZUN APT.	DIŞ CEPHE MANTOLAMA VE ÇATI YALITIM İŞLEMİ	DİKİLİTAŞ	2008
1218	ACARKENT A50	DIŞ CEPHE ONARIM, BOYA VE TERAS YALITIM İŞLEMİ	KAVACIK	2008
1219	OLCAY APT.	DIŞ CEPHE MANTOLAMA  İŞLEMİ	MODA	2008
1220	ULUĞ APT.	DIŞ CEPHE MANTOLAMA  İŞLEMİ	GAYRETTEPE	2008
1221	SİDAR APT.	DIŞ CEPHE MANTOLAMA  İŞLEMİ	ULUS	2008
1222	GURUP APT.	DIŞ CEPHE MANTOLAMA  İŞLEMİ	LEVENT	2008
1223	SÖĞÜT APT.	DIŞ CEPHE FİLELİ SIVA İŞLEMİ	GÖZTEPE	2008
1224	SÜREYYABEY APT.	DIŞ CEPHE ONARIM VE BOYA İŞLEMİ	ŞAŞKINBAKKAL	2008
1225	EMLAK PALAS  APT.	DIŞ CEPHE MANTOLAMA VE ÇATI YALITIM İŞLEMİ	NİŞANTAŞI	2008
1226	4. GZT. SİT. B7 BL.	DIŞ CEPHE MANTOLAMA İŞLEMİ	AKATLAR	2008
1227	UMUT APT.	DIŞ CEPHE MANTOLAMA İŞLEMİ	LEVENT	2008
1228	CİNGİ APT.	DIŞ CEPHE MANTOLAMA İŞLEMİ	GÖZTEPE	2008
1229	ALTAN APT.	DIŞ CEPHE ONARIM VE BOYA İŞLEMİ	ERENKÖY	2008
1230	ENDER APT.	ÇATI YALITIM İŞLEMİ	GAYRETTEPE	2008
1231	ÜÇEM KONAK APT.	DIŞ CEPHE MANTOLAMA İŞLEMİ	GÖZTEPE	2008
1232	HAREKET SİT. 22. BL.	DIŞ CEPHE MANTOLAMA İŞLEMİ	ETİLER	2008
1233	MURAT APT.	DIŞ CEPHE FİLELİ SIVA İŞLEMİ	ERENKÖY	2008
1234	SANATÇILAR SİT. 44 C	DIŞ CEPHE ONARIM VE BOYA İŞLEMİ	TARABYA	2008
1235	ASIMPAŞA APT.	DIŞ CEPHE ONARIM VE BOYA İŞLEMİ	BAKIRKÖY	2008
1236	ORKİDE APT.	DIŞ CEPHE ONARIM VE BOYA İŞLEMİ	ADATEPE	2008
1237	KALYONCU APT.	ÇATI YALITIM İŞLEMİ	BALMUMCU	2008
1238	PANAHZAT APT.	DIŞ CEPHE FİLELİ SIVA İŞLEMİ	SUADİYE	2008
1239	ORAL APT.	DIŞ CEPHE FİLELİ SIVA İŞLEMİ	HARBİYE	2008
1240	DUBAI GROUP BİNASI	ÇATI YALITIM İŞLEMİ	ALTUNİZADE	2008
1241	ÜNSAL ÇARŞI	DIŞ CEPHE ONARIM, BOYA VE ÇATI YALITIM İŞLEMİ	ŞİŞLİ	2008
1242	İNCİ APT.	DIŞ CEPHE FİLELİ SIVA İŞLEMİ	ETİLER	2008
1243	MUTLU APT.	DIŞ CEPHE MANTOLAMA  İŞLEMİ	BALMUMCU	2008
1244	SALİHBEY APT.	DIŞ CEPHE MANTOLAMA İŞLEMİ	ÜSKÜDAR	2008
1245	7-8 KISIM  A29 BL.	ÇATI YALITIM İŞLEMİ	ATAKÖY	2008
1246	AYDIN KONAK APT.	DIŞ CEPHE MANTOLAMA İŞLEMİ	ULUS	2008
1247	YUVA  APT.	DIŞ CEPHE MANTOLAMA İŞLEMİ	ETİLER	2008
1248	BAŞARI APT.	DIŞ CEPHE MANTOLAMA İŞLEMİ	TEŞVİKİYE 	2008
1249	BAHAR SİT.	DIŞ CEPHE MANTOLAMA VE ÇATI  İŞLEMİ	GAYRETTEPE	2008
1250	ÖZGÜR APT.	YAN CEPHE MANTOLAMA İŞLEMİ	BEŞİKTAŞ	2008
1251	İNTERTEKNİK BİNASI	ÇATI YALITIM İŞLEMİ	YUKARIDUDULLU	2008
1252	HANDE ÖKTEMUS BİNASI	DIŞ CEPHE MANTOLAMA, ÇATI YALITIM İŞLEMİ	ZEKERİYAKÖY	2008
1253	BAĞ APT.	YAN CEPHE MANTOLAMA İŞLEMİ	ULUS	2008
1254	MESEN APT.	DIŞ CEPHE FİLELİ SIVA İŞLEMİ	ŞİŞLİ	2008
1255	YUVA APT.	DIŞ CEPHE MANTOLAMA İŞLEMİ	NİŞANTAŞI	2008
1256	ALPAY APT.	DIŞ CEPHE MANTOLAMA, ÇATI YALITIM İŞLEMİ	MECİDİYEKÖY	2008
1257	GENÇ APT.	DIŞ CEPHE MANTOLAMA İŞLEMİ	TEŞVİKİYE	2008
1258	4. ETAP D28 BL.	DIŞ CEPHE MANTOLAMA İŞLEMİ	BAŞAKŞEHİR	2008
1259	NİŞANTAŞI İŞ MERKEZİ	DIŞ CEPHE MANTOLAMA İŞLEMİ	NİŞANTAŞI	2008
1260	OYAK SİT. 25. BL.	DIŞ CEPHE MANTOLAMA İŞLEMİ	AYAZAĞA	2008
1261	ELAZIĞ APT.	DIŞ CEPHE MANTOLAMA İŞLEMİ	MECİDİYEKÖY	2008
1262	4. GAZ. SİT. C2 BL.	YENİ ÇATI YAPIM İŞLEMİ	AKATLAR	2008
1263	DERYA APT.	DIŞ CEPHE MANTOLAMA, ÇATI YALITIM İŞLEMİ	LEVENT	2008
1264	KENT APT.	DIŞ CEPHE FİLELİ SIVA VE BOYA İŞLEMİ	MAÇKA	2008
1265	TUNÇ KARDEŞLER APT.	DIŞ CEPHE MANTOLAMA İŞLEMİ	ÇENGELKÖY	2008
1266	ABDİ İPEKÇİ NO:29	DIŞ CEPHE MANTOLAMA İŞLEMİ	NİŞANTAŞI	2008
1267	PROF .ORHAN KURAL BİNASI	DIŞ CEPHE MANTOLAMA İŞLEMİ	ARIKÖY	2008
1268	AKARSU APT.	DIŞ CEPHE MANTOLAMA İŞLEMİ	ETİLER	2008
1269	KERVAN APT.	TERAS YALITIM İŞLEMİ	ETİLER	2008
1270	ŞEVKETPAŞA APT.	DIŞ CEPHE FİLELİ SIVA İŞLEMİ	NİŞANTAŞI	2008
1271	ÖZDEN-KONAK APT.	MERMER SÖKÜM VE FİLELİ SIVA İŞLEMİ	ETİLER	2008
1272	YAVUZ APT.	DIŞ CEPHE MANTOLAMA İŞLEMİ	ETİLER	2008
1273	GÜNAYDIN APT.	DIŞ CEPHE MANTOLAMA, ÇATI YALITIM İŞLEMİ	ETİLER	2008
1274	KUTMEN APT.	DIŞ CEPHE MANTOLAMA İŞLEMİ	GÖZTEPE	2008
1275	ARZU APT.	DIŞ CEPHE ONARIM VE BOYA İŞLEMİ	TEŞVİKİYE 	2009
1276	PROFLEKS  AŞ. BİNASI	DIŞ CEPHE MANTOLAMA İŞLEMİ	ZEYTİNBURNU	2009
1277	BEKO APT.	DIŞ CEPHE MANTOLAMA İŞLEMİ	BALMUMCU	2009
1278	BAŞAK APT.	DIŞ CEPHE ONARIM VE BOYA İŞLEMİ	SUADİYE	2009
1279	ZEYNEP FADILLIOĞLU BİNASI	DIŞ CEPHE MANTOLAMA VE ÇATI YALITIM İŞLEMİ	SARIYER	2009
1280	BALMUMCU APT.	DIŞ CEPHE ONARIM VE BOYA İŞLEMİ	MODA	2009
1281	KURTULUŞ APT.	DIŞ CEPHE MANTOLAMA İŞLEMİ	ETİLER	2009
1282	GÜNGÖR APT.	DIŞ CEPHE MANTOLAMA İŞLEMİ	YILDIZ	2009
1283	MİNE APT.	DIŞ CEPHE MANTOLAMA VE ÇATI YALITIM İŞLEMİ	DİKİLİTAŞ	2009
1284	SARI ATMACA APT.	DIŞ CEPHE MANTOLAMA İŞLEMİ	ERENKÖY	2009
1285	SİLVAN APT.	DIŞ CEPHE ONARIM VE BOYA İŞLEMİ	ERENKÖY	2009
1286	KILIÇ APT.	DIŞ CEPHE MANTOLAMA İŞLEMİ	BAHÇEKÖY	2009
1287	AYDIN APT.	ÇATI YALITIM İŞLEMİ	SUADİYE	2009
1288	EMİR APT.	ÇATI YALITIM İŞLEMİ	BAKIRKÖY	2009
1289	MİMARSİNAN APT.	DIŞ CEPHE MANTOLAMA VE ÇATI YALITIM İŞLEMİ	MERTER	2009
1290	YEŞİLTAŞ APT.	DIŞ CEPHE MANTOLAMA İŞLEMİ	MECİDİYEKÖY	2009
1291	GÜRER APT.	DIŞ CEPHE MANTOLAMA İŞLEMİ	BAKIRKÖY	2009
1292	UĞUR APT.	ÇATI YALITIM İŞLEMİ	YEŞİLKÖY	2009
1293	PETEK APT.	FİLELİ SIVA VE BOYA İŞLEMİ	ULUS	2009
1294	HUZUR APT.	DIŞ CEPHE ONARIM VE BOYA İŞLEMİ	BEŞİKTAŞ	2009
1295	ÇAM APT.	DIŞ CEPHE MANTOLAMA İŞLEMİ	ERENKÖY	2009
1296	AMAÇ APT.	ÇATI VE TERAS YALITIM İŞLEMİ	ETİLER	2009
1297	ESENTEPE APT.	DIŞ CEPHE MANTOLAMA VE TERAS YALITIM İŞLEMİ	BEBEK	2009
1298	TOKGÖZ APT.	DIŞ CEPHE MANTOLAMA İŞLEMİ	ORTAKÖY	2009
1299	AKASYA APT.	DIŞ CEPHE MANTOLAMA İŞLEMİ	BAHÇEKÖY	2009
1300	YALI APT.	DIŞ CEPHE MANTOLAMA İŞLEMİ	SUADİYE	2009
1301	FULYA APT.	DIŞ CEPHE MANTOLAMA VE ÇATI YALITIM İŞLEMİ	MECİDİYEKÖY	2009
1302	ERCEİŞ APT.	DIŞ CEPHE MANTOLAMA İŞLEMİ	KÜÇÜKYALI	2009
1303	ÇAĞLA APT.	DIŞ CEPHE MANTOLAMA İŞLEMİ	YILDIZ	2009
1304	MAYA SİT. F BL.	ÇATI YALITIM İŞLEMİ	AKATLAR	2009
1305	IŞIK  APT.	ÇATI YALITIM İŞLEMİ	GAYRETTEPE	2009
1306	GÜNAYDIN 2 APT.	DIŞ CEPHE MANTOLAMA İŞLEMİ	BEBEK	2009
1307	ÖZÇELİK APT.	DIŞ CEPHE MANTOLAMA İŞLEMİ	DİKİLİTAŞ	2009
1308	OYAK SİT. 4. BL.	DIŞ CEPHE MANTOLAMA VE TERAS YALITIM İŞLEMİ	AYAZAĞA	2009
1309	NAZLI APT.	DIŞ CEPHE MANTOLAMA VE ÇATI YALITIM İŞLEMİ	ORTAKÖY	2009
1310	SEDEF APT.	DIŞ CEPHE MANTOLAMA, ÇATI YALITIM VE DRENAJ	MAÇKA	2009
1311	BAYRAKTAR APT.	DIŞ CEPHE MANTOLAMA İŞLEMİ	ETİLER	2009
1312	SARAL SİT. B BL.	DIŞ CEPHE MANTOLAMA İŞLEMİ	GAYRETTEPE	2009
1313	ÇAĞLAYAN APT.	DIŞ CEPHE MANTOLAMA İŞLEMİ	GAYRETTEPE	2009
1314	ÖZDEN APT.	DIŞ CEPHE MANTOLAMA VE ÇATI YALITIM İŞLEMİ	ESENTEPE	2009
1315	ATAKAN APT.	ÇATI YALITIM İŞLEMİ	SUADİYE	2009
1316	 ÇİFTLİK APT.	ÇATI YALITIM İŞLEMİ	MECİDİYEKÖY	2009
1317	DOĞAKENT B4 BL.	DIŞ CEPHE ONARIM VE BOYA İŞLEMİ	ULUS	2009
1318	EMLAK PALAS APT.	DIŞ CEPHE MANTOLAMA İŞLEMİ	NİŞANTAŞI	2009
1319	ŞEVKET APT.	DIŞ CEPHE MANTOLAMA İŞLEMİ	BAKIRKÖY	2009
1320	 ÇAMLI APT.	ÇATI YALITIM İŞLEMİ	TEŞVİKİYE	2009
1321	ARMAN APT.	DIŞ CEPHE MANTOLAMA İŞLEMİ	KOZYATAĞI	2009
1322	SARUHAN  APT.	ÇATI YALITIM İŞLEMİ	FENERBAHÇE	2009
1323	SEDEF APT.	DIŞ CEPHE MANTOLAMA İŞLEMİ	FENERYOLU	2009
1324	BAŞARAN APT.	DIŞ CEPHE MANTOLAMA İŞLEMİ	BEBEK	2009
1325	AKAY APT.	DIŞ CEPHE FİLELİ SIVA İŞLEMİ	BEBEK	2009
1326	ALTIN APT.	DIŞ CEPHE MANTOLAMA İŞLEMİ	GAYRETTEPE	2009
1327	DENİZ APT.	ÇATI YALITIM İŞLEMİ	GAYRETTEPE	2009
1328	UZAY APT.	ÇATI YALITIM İŞLEMİ	HARBİYE	2009
1329	YALÇIN PALAS APT.	DIŞ CEPHE ONARIM, BOYA VE ÇATI YALITIM İŞLEMİ	SUADİYE	2009
1330	KONAK APT.	ÇATI YALITIM İŞLEMİ	SUADİYE	2009
1331	BEYAZYALI APT.	DIŞ CEPHE ONARIM VE BOYA İŞLEMİ	KÜÇÜKÇEKMECE	2009
1332	AKYAP SİT. A BL.	DIŞ CEPHE MANTOLAMA İŞLEMİ	FERAHEVLER	2009
1333	OYAK SİT. 5. BL.	DIŞ CEPHE MANTOLAMA, TERAS YALITIM VE DRENAJ	AYAZAĞA	2009
1334	UĞUR APT.	YAN CEPHE MANTOLAMA İŞLEMİ	GAYRETTEPE	2009
1335	O 190-191 BL.	DIŞ CEPHE ONARIM VE BOYA İŞLEMİ	ATAKÖY	2009
1336	İRFAN APT.	ÇATI YALITIM İŞLEMİ	TEŞVİKİYE	2009
1337	DOĞAKENT B5 BL.	DIŞ CEPHE ONARIM VE BOYA İŞLEMİ	ULUS	2009
1338	GİRESUN APT.	DIŞ CEPHE MANTOLAMA İŞLEMİ	ÜMRANİYE	2009
1339	ENGİN APT.	DIŞ CEPHE MANTOLAMA İŞLEMİ	ADATEPE	2009
1340	DAĞAŞAR APT.	DIŞ CEPHE MANTOLAMA İŞLEMİ	FERİKÖY	2009
1341	BELCEKIZ APT.	ÇATI YALITIM İŞLEMİ	ORTAKÖY	2009
1342	MİMAR SELİM IŞIM BİNASI	DIŞ CEPHE MANTOLAMA İŞLEMİ	TARABYA	2009
1343	KENT APT.	ÇATI YALITIM İŞLEMİ	FENERYOLU	2009
1344	AR APT.	DIŞ CEPHE MANTOLAMA İŞLEMİ	CADDEBOSTAN	2009
1345	HAYAT APT.	DIŞ CEPHE MANTOLAMA İŞLEMİ	MECİDİYEKÖY	2009
1346	SUDA - PERK APT.	DIŞ CEPHE MANTOLAMA İŞLEMİ	MECİDİYEKÖY	2009
1347	BURAK APT.	DIŞ CEPHE ONARIM VE BOYA İŞLEMİ	BEŞİKTAŞ	2009
1348	BİRSİN APT.	DIŞ CEPHE MANTOLAMA İŞLEMİ	FLORYA	2009
1349	CANANLAR SİT.	ÇATI YALITIM İŞLEMİ	ESENKENT	2009
1350	SOMER  APT.	ÇATI YALITIM İŞLEMİ	ŞİŞLİ	2009
1351	DURSUN POLAT APT.	DIŞ CEPHE MANTOLAMA İŞLEMİ	MECİDİYEKÖY	2009
1352	FİLMAT AŞ.	DUVAR YAPIMI VE BETON ZEMİN YALITIMI	SEFAKÖY	2009
1353	GÜL APT.	DIŞ CEPHE MANTOLAMA İŞLEMİ	4. LEVENT	2009
1354	KISMET APT.	DIŞ CEPHE ONARIM VE BOYA İŞLEMİ	BALMUMCU	2009
1355	T.S.Y.D	HALI SAHA VE BETON ZEMİN YALITIM İŞLEMİ	LEVENT	2009
1356	KAPTAN APT.	DIŞ CEPHE MANTOLAMA İŞLEMİ	DİKİLİTAŞ	2009
1357	ÇEVRE SİT. 15 D BL.	DIŞ CEPHE MANTOLAMA VE ÇATI YALITIM İŞLEMİ	AKATLAR	2009
1358	AKARSU APT.	DIŞ CEPHE MANTOLAMA İŞLEMİ	ETİLER	2009
1359	DOSTLAR APT.	DIŞ CEPHE MANTOLAMA İŞLEMİ	DİKİLİTAŞ	2009
1360	AKASYALI APT.	DIŞ CEPHE MANTOLAMA İŞLEMİ	SUADİYE	2009
1361	OYAK SİT. 42. BL.	DIŞ CEPHE MANTOLAMA İŞLEMİ	AYAZAĞA	2009
1362	MURATLAR APT.	DIŞ CEPHE MANTOLAMA VE ÇATI YALITIM İŞLEMİ	ŞİŞLİ	2009
1363	NAMIKPAŞA APT.	ÇATI YALITIM İŞLEMİ	GÜMÜŞSUYU	2009
1364	DR.ŞİRİN GENÇER BİNASI	DIŞ CEPHE MANTOLAMA İŞLEMİ	LEVENT	2009
1365	KOZA SİT.21. BL.	DIŞ CEPHE MANTOLAMA İŞLEMİ	4. LEVENT	2009
1366	HOTEL NİZAPARK 	BETONARME SU DEPOSU YAPIMI	ESENTEPE	2010
1367	İLKEL APT.	TERAS YALITIM İŞLEMİ	BEBEK	2010
1368	ÇAMLIK  APT.	DIŞ CEPHE MANTOLAMA İŞLEMİ	ETİLER	2010
1369	KEMER APT.	ÇATI YALITIM VE İSTİNAT DUVARI İŞLEMİ	ACIBADEM	2010
1370	ÖZ APT.	DIŞ CEPHE MANTOLAMA İŞLEMİ	BEŞİKTAŞ	2010
1371	EKER APT.	YENİ ÇATI YAPIM İŞLEMİ	ORTAKÖY	2010
1372	DUYAR APT.	DIŞ CEPHE MANTOLAMA VE ÇATI YALITIM İŞLEMİ	BOSTANCI	2010
1373	KAYNAR APT.	DIŞ CEPHE MANTOLAMA İŞLEMİ	BEBEK	2010
1374	MİMOZA APT.	YENİ ÇATI YAPIM İŞLEMİ	GAYRETTEPE	2010
1375	G.O. PAŞA SİT 25-27 BL.	ÇATI YALITIM İŞLEMİ	KÜÇÜKKÖY	2010
1376	SAADET APT.	DIŞ CEPHE FİLELİ SIVA İŞLEMİ	OSMANBEY	2010
1377	HASAN RASİH İŞ HANI	DIŞ CEPHE FİLELİ SIVA İŞLEMİ	CAĞALOĞLU	2010
1378	HAYIRLI APT.	DIŞ CEPHE ONARIM, BOYA VE ÇATI YALITIM İŞLEMİ	GAYRETTEPE	2010
1379	MUHSİNE APT.	DIŞ CEPHE MANTOLAMA VE ÇATI YALITIM İŞLEMİ	CİHANGİR	2010
1380	EMEK APT.	DIŞ CEPHE MANTOLAMA İŞLEMİ	ARNAVUTKÖY	2010
1381	DALYAN APT.	DIŞ CEPHE MANTOLAMA VE ÇATI YALITIM İŞLEMİ	MODA	2010
1382	TAHSİNBEY APT.	DIŞ CEPHE MANTOLAMA İŞLEMİ	KÜÇÜKYALI	2010
1383	BABAÇ APT.	DIŞ CEPHE FİLELİ SIVA İŞLEMİ	BEŞİKTAŞ	2010
1384	BEYAZKÖŞK APT.	DIŞ CEPHE MANTOLAMA İŞLEMİ	AKATLAR	2010
1385	DOĞAKENT B1 BLOK	DIŞ CEPHE ONARIM VE BOYA İŞLEMİ 	ULUS	2010
1386	DEMET APT.	DIŞ CEPHE FİLELİ SIVA İŞLEMİ	AKATLAR	2010
1387	AKAT APT.	DIŞ CEPHE MANTOLAMA İŞLEMİ	AKATLAR	2010
1388	BAHAR APT.	DIŞ CEPHE MANTOLAMA İŞLEMİ	BEBEK	2010
1389	PEKCAN APT.	DIŞ CEPHE MANTOLAMA İŞLEMİ	SUADİYE	2010
1390	MAYA SİT. F BL.	DIŞ CEPHE FİLELİ SIVA İŞLEMİ	AKATLAR	2010
1391	MAYA SİT. P BL.	DIŞ CEPHE FİLELİ SIVA VE ÇATI YALITIM İŞLEMİ	AKATLAR	2010
1392	SAKA APT.	DRENAJ İŞLEMİ	YEŞİLYURT	2010
1393	FULYA 1-2  APT.	DIŞ CEPHE MANTOLAMA, ÇATI YALITIM VE DRENAJ	ETİLER	2010
1394	ÇINAR APT.	YENİ ÇATI YAPIM İŞLEMİ	UÇAKSAVAR	2010
1395	YEŞİL APT.	DIŞ CEPHE MANTOLAMA VE ÇATI YALITIM İŞLEMİ	ETİLER	2010
1396	SADIKOĞLU APT	DIŞ CEPHE MANTOLAMA İŞLEMİ	FENERYOLU	2010
1397	ÇAMLITEPE SİT. 74/5 BL.	DIŞ CEPHE MANTOLAMA İŞLEMİ	ULUS	2010
1398	DENİZ APT.	DIŞ CEPHE MANTOLAMA İŞLEMİ	ACIBADEM	2010
1399	YILMAZ 1 APT	DIŞ CEPHE MANTOLAMA İŞLEMİ	GAYRETTEPE	2010
1400	BİLLUR APT.	DIŞ CEPHE MANTOLAMA İŞLEMİ	FLORYA	2010
1401	YORULMAZ APT.	DIŞ CEPHE MANTOLAMA İŞLEMİ	NİŞANTAŞI	2010
1402	TIPPS İSTANBUL BİNASI	DIŞ CEPHE MANTOLAMA İŞLEMİ	AKATLAR	2010
1403	G.O. PAŞA SİT 35. BL.	ÇATI YALITIM İŞLEMİ	YEŞİLPINAR	2010
1404	4. GAZ. SİT. B15 BL.	DIŞ CEPHE MANTOLAMA İŞLEMİ	AKATLAR	2010
1405	SAYGILI APT.	DIŞ CEPHE MANTOLAMA İŞLEMİ	ETİLER	2010
1406	MÜJDE APT.	DIŞ CEPHE MANTOLAMA İŞLEMİ	BAKIRKÖY	2010
1407	ALKENT GARDENYA 7	DIŞ CEPHE MANTOLAMA İŞLEMİ	ETİLER	2010
1408	HSBC NİŞANTAŞI BİNASI	DIŞ CEPHE ONARIM VE BOYA İŞLEMİ 	NİŞANTAŞI	2010
1409	OYAK SİT. 42.BL.	DIŞ CEPHE MANTOLAMA İŞLEMİ	AYAZAĞA	2010
1410	MERİÇ KONAK APT.C BL.	DIŞ CEPHE MANTOLAMA İŞLEMİ	ETİLER	2010
1411	ESER APT.	DIŞ CEPHE MANTOLAMA İŞLEMİ	MECİDİYEKÖY	2010
1412	POLAT APT.	DIŞ CEPHE MANTOLAMA İŞLEMİ	TOPAĞACI	2010
1413	AKTEK SİT.D BL.	DIŞ CEPHE MANTOLAMA İŞLEMİ	LEVAZIM	2010
1414	TUNGA APT.	DIŞ CEPHE MANTOLAMA İŞLEMİ	NİŞANTAŞI	2010
1415	MAYA SİT. D BL.	DIŞ CEPHE FİLELİ SIVA İŞLEMİ	AKATLAR	2010
1416	GÜMÜŞ  APT.	DIŞ CEPHE MANTOLAMA İŞLEMİ	KÜÇÜKYALI	2010
1417	ERGÜLŞENLER APT.	DIŞ CEPHE ONARIM, BOYA VE DRENAJ İŞLEMİ 	ŞENESENEVLER	2010
1418	ÜÇLER APT.	DIŞ CEPHE MANTOLAMA İŞLEMİ	ŞİŞLİ	2010
1419	K.ÇAMLIK SİT. C2 BL.	DIŞ CEPHE MANTOLAMA İŞLEMİ	ETİLER	2010
1420	AYTEKİN APT.	DIŞ CEPHE MANTOLAMA İŞLEMİ	ETİLER	2010
1421	ŞEKERPALAS  APT.	DIŞ CEPHE MANTOLAMA İŞLEMİ	ULUS	2010
1422	FUNDA APT.	DIŞ CEPHE ONARIM VE BOYA İŞLEMİ 	ERENKÖY	2010
1423	GÜVEN APT.	ÇATI YALITIM İŞLEMİ	TEŞVİKİYE	2010
1424	GAZ. MUH. SİT. B2 BL.	DIŞ CEPHE MANTOLAMA İŞLEMİ	ULUS	2010
1425	ZÜMRÜT PALAS APT.	YENİ ÇATI YAPIM İŞLEMİ	HARBİYE	2010
1426	KARABAY APT.	DIŞ CEPHE ONARIM VE BOYA İŞLEMİ 	FLORYA	2010
1427	4. GAZ. SİT. A21/1 APT.	DIŞ CEPHE MANTOLAMA VE ÇATI YALITIM İŞLEMİ	AKATLAR	2010
1428	ERCİYAS  APT.	DIŞ CEPHE ONARIM VE BOYA İŞLEMİ	NİŞANTAŞI	2010
1429	SELİN APT.	DIŞ CEPHE ONARIM VE BOYA İŞLEMİ	ULUS	2010
1430	PAKYOL APT.	DIŞ CEPHE ONARIM BOYA VE ÇATI İŞL. 	NİŞANTAŞI	2010
1431	UĞUR APT.	DIŞ CEPHE MANTOLAMA İŞLEMİ	AKATLAR	2010
1432	NADİRE HN. APT.	DIŞ CEPHE MANTOLAMA VE ÇATI YALITIM İŞLEMİ	ACIBADEM	2010
1433	PARK APT.	DIŞ CEPHE ONARIM VE BOYA İŞLEMİ	TAKSİM	2010
1434	KARAA APT.	DIŞ CEPHE MANTOLAMA VE ÇATI YALITIM İŞLEMİ	FATİH	2010
1435	GÜLŞEN SOK. NO:7 APT.	DIŞ CEPHE MANTOLAMA İŞLEMİ	ETİLER	2010
1436	MAPA - İNTERLİNK  BİNASI	DIŞ CEPHE MANTOLAMA İŞLEMİ	4. LEVENT	2010
1437	ÇAM APT.	DIŞ CEPHE MANTOLAMA İŞLEMİ	ETİLER	2010
1438	ZERİN APT.	ÇATI YALITIM İŞLEMİ	LEVENT	2010
1439	VİLLA BELDE 21	DIŞ CEPHE MANTOLAMA VE ÇATI YALITIM İŞLEMİ	ÇEKMEKÖY	2010
1440	ERÇETİN APT.	DIŞ CEPHE ONARIM, BOYA VE ÇATI YALITIM İŞLEMİ	BEŞİKTAŞ	2010
1441	ÇALLI APT .	DIŞ CEPHE MANTOLAMA İŞLEMİ	ERENKÖY	2010
1442	ULUS 1 APT.	DIŞ CEPHE MANTOLAMA İŞLEMİ	ULUS	2010
1443	ULUS 6 APT.	DIŞ CEPHE MANTOLAMA İŞLEMİ	ULUS	2010
1444	UMUT 1-2 APT.	DIŞ CEPHE MANTOLAMA İŞLEMİ	ETİLER	2010
1445	ŞİMŞEK APT.	DIŞ CEPHE MANTOLAMA İŞLEMİ	ACIBADEM	2010
1446	MİM. HASAN K. GÜRBÜZ BİNASI	DIŞ CEPHE MANTOLAMA, ÇATI YALITIM VE DRENAJ	ÇATALCA	2010
1447	DOSTLAR APT.	DIŞ CEPHE MANTOLAMA İŞLEMİ	BAKIRKÖY	2010
1448	ALKENT MANOLYA 2	DIŞ CEPHE MANTOLAMA İŞLEMİ	ETİLER	2010
1449	MİMARLAR APT.	DIŞ CEPHE MANTOLAMA İŞLEMİ	MECİDİYEKÖY	2010
1450	KERİMOĞLU APT.	DIŞ CEPHE FİLELİ SIVA VE YENİ ÇATI YAPIM İŞLEMİ	ERENKÖY	2010
1451	NİL APT.	DIŞ CEPHE MANTOLAMA İŞLEMİ	ORTAKÖY	2010
1452	ÇAKIRMAN APT.	DIŞ CEPHE MANTOLAMA İŞLEMİ	OKMEYDANI	2010
1453	YUVAM APT.	DIŞ CEPHE MANTOLAMA İŞLEMİ	ORTAKÖY	2010
1454	GÜNEŞ PALAS A BL.	DIŞ CEPHE MANTOLAMA İŞLEMİ	AKATLAR	2010
1455	CANANLAR SİT A-B-C BL.	DIŞ CEPHE MANTOLAMA İŞLEMİ	ESENKENT	2010
1456	GAZ. MUH. SİT. A1 BL.	DIŞ CEPHE MANTOLAMA VE ÇATI YALITIM İŞLEMİ	ULUS	2010
1457	YÜCEKÖK EVİ	DIŞ CEPHE MANTOLAMA, ÇATI YALITIM VE DRENAJ	BÜYÜKADA	2010
1458	FERİT AKŞİT VİLLA	DIŞ CEPHE MANTOLAMA İŞLEMİ	TEKİRDAĞ	2010
1459	RÜYAM APT.	DIŞ CEPHE MANTOLAMA İŞLEMİ	CİHANGİR	2010
1460	ZİYABEY APT.	DIŞ CEPHE FİLELİ SIVA İŞLEMİ	GÖZTEPE	2010
1461	UFUKTANDOĞANGÜNEŞ APT. 	DIŞ CEPHE MANTOLAMA İŞLEMİ	LEVENT	2010
1462	YILMAZLAR  APT.	DIŞ CEPHE MANTOLAMA İŞLEMİ	ORTAKÖY	2010
1463	KOZ APT.	DIŞ CEPHE FİLELİ SIVA İŞLEMİ	ÇİFTEHAVUZLAR	2010
1464	CEYLAN APT.	DIŞ CEPHE MANTOLAMA İŞLEMİ	OKMEYDANI	2010
1465	HUZURPALAS APT.	DIŞ CEPHE MANTOLAMA İŞLEMİ	ŞİŞLİ	2010
1466	AS APT.	DIŞ CEPHE MANTOLAMA İŞLEMİ	FENERBAHÇE	2010
1467	ŞIPKA APT.	DIŞ CEPHE MANTOLAMA İŞLEMİ	MECİDİYEKÖY	2011
1468	İPER APT.	ÇATI YALITIM İŞLEMİ	BAKIRKÖY	2011
1469	GÜRSU APT.	DIŞ CEPHE MANTOLAMA İŞLEMİ	KÜÇÜKYALI	2011
1470	BİRLİK FİGEN APT.	DIŞ CEPHE MANTOLAMA İŞLEMİ	GÜNGÖREN	2011
1471	SAYIN APT.	DIŞ CEPHE FİLELİ SIVA İŞLEMİ	TEŞVİKİYE	2011
1472	SERT APT.	DIŞ CEPHE MANTOLAMA İŞLEMİ	CİHANGİR	2011
1473	HAREKET SİT. 2. BL.	DIŞ CEPHE MANTOLAMA İŞLEMİ	ETİLER	2011
1474	KANTAŞI APT.	DIŞ CEPHE MANTOLAMA İŞLEMİ	MECİDİYEKÖY	2011
1475	KARDEŞLER APT.	DIŞ CEPHE MANTOLAMA İŞLEMİ	BAKIRKÖY	2011
1476	GÜÇLÜ APT.	DIŞ CEPHE MANTOLAMA İŞLEMİ	BAKIRKÖY	2011
1477	ŞENYUVA APT.	DIŞ CEPHE MANTOLAMA İŞLEMİ	BAKIRKÖY	2011
1478	T. SPOR YAZARLARI DERNEĞİ	DIŞ CEPHE ONARIM VE BOYA İŞLEMİ	LEVENT	2011
1479	HAREM APT.	DIŞ CEPHE MANTOLAMA İŞLEMİ	NİŞANTAŞI	2011
1480	MELİH ŞATIROĞLU BİNASI 	DIŞ CEPHE ONARIM VE TAŞ KAPLAMA İŞLEMİ	EMİRGAN	2011
1481	ÇAMSARAY APT.	DIŞ CEPHE MANTOLAMA İŞLEMİ	NİŞANTAŞI	2011
1482	CİHAN APT.	DIŞ CEPHE MANTOLAMA İŞLEMİ	ETİLER	2011
1483	ALKENT MANOLYA 1	DIŞ CEPHE MANTOLAMA İŞLEMİ	ETİLER	2011
1484	MURAT APT.	DIŞ CEPHE MANTOLAMA İŞLEMİ	ŞEHREMİNİ	2011
1485	ALTUĞ APT.	DIŞ CEPHE MANTOLAMA İŞLEMİ	BEŞİKTAŞ	2011
1486	K.ÇAMLIK G1 BL.	DIŞ CEPHE MANTOLAMA İŞLEMİ	ETİLER	2011
1487	NUSRET APT.	ÇATI YALITIM İŞLEMİ	ETİLER	2011
1488	BAHAR APT.	DIŞ CEPHE ONARIM VE BOYA İŞLEMİ	SUADİYE	2011
1489	KENT APT.	DIŞ CEPHE ONARIM VE BOYA İŞLEMİ	SUADİYE	2011
1490	YAPRAK APT.	DIŞ CEPHE MANTOLAMA İŞLEMİ	BEŞİKTAŞ	2011
1491	AKYÜZ APT.	DIŞ CEPHE MANTOLAMA VE ÇATI YALITIM İŞLEMİ	BAKIRKÖY	2011
1492	BİLGİN APT.	DIŞ CEPHE MANTOLAMA İŞLEMİ	LEVENT	2011
1493	ZEREN APT.	DIŞ CEPHE MANTOLAMA İŞLEMİ	BAHÇEKÖY	2011
1494	KIRLANGIÇ APT.	DIŞ CEPHE MANTOLAMA İŞLEMİ	BAHÇEKÖY	2011
1495	KÖKTAŞ APT.	DIŞ CEPHE MANTOLAMA İŞLEMİ	ADATEPE	2011
1496	ÇİLE APT.	DIŞ CEPHE MANTOLAMA İŞLEMİ	ORTAKÖY	2011
1497	KEMAL APT.	DIŞ CEPHE MANTOLAMA İŞLEMİ	ACIBADEM	2011
1498	DENİZ APT.	DIŞ CEPHE MANTOLAMA İŞLEMİ	KOZYATAĞI	2011
1499	ORTAKLAR APT.	DIŞ CEPHE MANTOLAMA VE YENİ ÇATI YAPIM İŞLEMİ	ORTAKÖY	2011
1500	ALEMDAĞ APT.	DIŞ CEPHE MANTOLAMA İŞLEMİ	FENERBAHÇE	2011
1501	ONUR APT.	DIŞ CEPHE MANTOLAMA İŞLEMİ	BEŞİKTAŞ	2011
1502	TEŞVİKİYE PALAS APT.	DIŞ CEPHE MANTOLAMA İŞLEMİ	TEŞVİKİYE	2011
1503	UĞUR APT.	DIŞ CEPHE MANTOLAMA İŞLEMİ	MECİDİYEKÖY	2011
1504	ÇİTLENBİK APT.	DIŞ CEPHE MANTOLAMA İŞLEMİ	BEŞİKTAŞ	2011
1505	ŞEN APT.	DIŞ CEPHE MANTOLAMA İŞLEMİ	BAKIRKÖY	2011
1506	FİLİZ APT. A-B BL.	ÇATI YALITIM İŞLEMİ	GAYRETTEPE	2011
1507	SARAL SİT. D BL.	DIŞ CEPHE MANTOLAMA İŞLEMİ	GAYRETTEPE	2011
1508	KARAORMAN APT.	DIŞ CEPHE MANTOLAMA İŞLEMİ	GÖZTEPE	2011
1509	ÜSTÜN APT.	ÇATI YALITIM İŞLEMİ	NİŞANTAŞI	2011
1510	KENT APT.	DIŞ CEPHE MANTOLAMA İŞLEMİ	ŞİŞLİ	2011
1511	ÖZLEM APT.	DIŞ CEPHE MANTOLAMA İŞLEMİ	BEŞİKTAŞ	2011
1512	RAHMET APT.	DIŞ CEPHE MANTOLAMA İŞLEMİ	ŞİŞLİ	2011
1513	DOĞAN BEY  APT.	DIŞ CEPHE MANTOLAMA İŞLEMİ	GÖZTEPE	2011
1514	ÖZTÜRK  APT.	DIŞ CEPHE MANTOLAMA VE YENİ ÇATI YAPIM İŞLEMİ	NİŞANTAŞI	2011
1515	TUNÇHAN APT.	DIŞ CEPHE MANTOLAMA İŞLEMİ	FULYA	2011
1516	TUNGA  APT.	DIŞ CEPHE MANTOLAMA İŞLEMİ	NİŞANTAŞI	2011
1517	İNCİ  APT.	DIŞ CEPHE MANTOLAMA İŞLEMİ	LEVENT	2011
1518	DEMİR  APT.	DIŞ CEPHE MANTOLAMA İŞLEMİ	BEŞİKTAŞ	2011
1519	HALİL SELÇUK BİNASI	DIŞ CEPHE MANTOLAMA VE ÇATI YALITIM İŞLEMİ	SAPANCA	2011
1520	DOĞAN APT.	DIŞ CEPHE MANTOLAMA İŞLEMİ	ETİLER	2011
1521	SİNAN APT.	DIŞ CEPHE MANTOLAMA İŞLEMİ	GAYRETTEPE	2011
1522	HÜRRİYET APT.	DIŞ CEPHE ONARIM VE BOYA İŞLEMİ	ETİLER	2011
1523	ALKENT MANOLYA 4	DIŞ CEPHE MANTOLAMA İŞLEMİ	ETİLER	2011
1524	YAZGI APT.	DIŞ CEPHE MANTOLAMA İŞLEMİ	MECİDİYEKÖY	2011
1525	DİLEK APT. 	DIŞ CEPHE MANTOLAMA İŞLEMİ	OSMANBEY	2011
1526	BARBAROS APT.	DIŞ CEPHE MANTOLAMA İŞLEMİ	BALMUMCU	2011
1527	ERGİN APT.	ÇATI YALITIM İŞLEMİ	ERENKÖY	2011
1528	KUTAY APT.	DIŞ CEPHE MANTOLAMA İŞLEMİ	ETİLER	2011
1529	RUMELİ PASAJI.	DIŞ CEPHE MANTOLAMA İŞLEMİ	NİŞANTAŞI	2011
1530	KÖSEOĞLU APT.	DIŞ CEPHE MANTOLAMA İŞLEMİ	MECİDİYEKÖY	2011
1531	UĞUR APT.	DIŞ CEPHE MANTOLAMA İŞLEMİ	ŞİŞLİ	2011
1532	DİDEM APT.	DIŞ CEPHE MANTOLAMA İŞLEMİ	TOPAĞACI	2011
1533	ERGUVAN PALAS APT.	ÇATI YALITIM İŞLEMİ	TEŞVİKİYE	2011
1534	ALKENT MİMOZA 3	DIŞ CEPHE MANTOLAMA İŞLEMİ	ETİLER	2011
1535	ORKİDE APT.	DIŞ CEPHE MANTOLAMA İŞLEMİ	LEVENT	2011
1536	VADİ APT.	DIŞ CEPHE MANTOLAMA İŞLEMİ	ULUS	2011
1537	LEVENT APT.	DIŞ CEPHE MANTOLAMA İŞLEMİ	KAZASKER	2011
1538	MEHTAP YALI APT.	DIŞ CEPHE MANTOLAMA İŞLEMİ	ŞAŞKINBAKKAL	2011
1539	DR.GÖKHAN İPEK BİNASI	DIŞ CEPHE MANTOLAMA İŞLEMİ	KARTEPE	2011
1540	GAZ. MUH. SİT. D1-D2 BL.	DIŞ CEPHE MANTOLAMA İŞLEMİ	ULUS	2011
1541	DURAK APT.	DIŞ CEPHE ONARIM VE BOYA İŞLEMİ	LEVENT	2011
1542	VİLLABELDE 120	DIŞ CEPHE MANTOLAMA VE ÇATI YALITIM İŞLEMİ	ÇEKMEKÖY	2011
1543	GÖKSU EVLERİ C28 BL.	DIŞ CEPHE MANTOLAMA İŞLEMİ	ANADOLUHİSARI	2011
1544	GÖKSU EVLERİ C36 BL.	DIŞ CEPHE MANTOLAMA İŞLEMİ	ANADOLUHİSARI	2011
1545	ÇINAR APT.	DIŞ CEPHE MANTOLAMA İŞLEMİ	OSMANBEY	2011
1546	YENİ ULUS SİT. B1 BL.	DIŞ CEPHE MANTOLAMA İŞLEMİ	ULUS	2011
1547	PARK APT.	DIŞ CEPHE MANTOLAMA İŞLEMİ	BEŞİKTAŞ	2011
1548	ALİBEY APT.	DIŞ CEPHE MANTOLAMA VE ÇATI YALITIM İŞLEMİ	MODA	2011
1549	SABIR SİTESİ	DIŞ CEPHE MANTOLAMA İŞLEMİ	GAYRETTEPE	2011
1550	AKÇAM APT.	PARAPET SÖKÜM VE YENİ ÇATI YAPIM İŞLEMİ	SELAMİÇEŞME	2011
1551	ÇEVRE SİT. 14 A1-A2 	DRENAJ İŞLEMİ	AKATLAR	2011
1552	ESENKENT VİLLA	DIŞ CEPHE MANTOLAMA İŞLEMİ	BAHÇEŞEHİR	2011
1553	ÖZTÜRE APT.	DIŞ CEPHE MANTOLAMA İŞLEMİ	GÜLTEPE	2011
1554	NURÇELİK APT.	DIŞ CEPHE MANTOLAMA İŞLEMİ	ETİLER	2011
1555	SALİHBEY APT.	DIŞ CEPHE MANTOLAMA İŞLEMİ	ÜSKÜDAR	2011
1556	MASON DERNEĞİ BİNASI	DIŞ CEPHE ONARIM, BOYA VE ÇATI YALITIM İŞLEMİ	TEPEBAŞI	2011
1557	GÜVEN POLAT APT.	DIŞ CEPHE MANTOLAMA İŞLEMİ	MECİDİYEKÖY	2012
1558	YAZARLAR SOK. NO:9	DIŞ CEPHE MANTOLAMA İŞLEMİ	ESENTEPE	2012
1559	NURÇELİK 2 APT.	DIŞ CEPHE MANTOLAMA VE ÇATI YALITIM İŞLEMİ	ETİLER	2012
1560	AY HAN İŞ MERKEZİ	DIŞ CEPHE MANTOLAMA İŞLEMİ	ŞİŞLİ	2012
1561	MOZAİK APT.	DIŞ CEPHE MANTOLAMA İŞLEMİ	DİKİLİTAŞ	2012
1562	NUMUNE İŞ HANI	DIŞ CEPHE MANTOLAMA İŞLEMİ	BAYRAMPAŞA	2012
1563	EMEKTAR NO:1 APT.	DIŞ CEPHE MANTOLAMA İŞLEMİ	GÜMÜŞSUYU	2012
1564	Y.LEVENT SİT. 18. BL.	DIŞ CEPHE MANTOLAMA İŞLEMİ	YENİLEVENT	2012
1565	KENT APT	DIŞ CEPHE MANTOLAMA İŞLEMİ	GAYRETTEPE	2012
1566	FATOŞ BİTLİS BİNASI	DIŞ CEPHE MANTOLAMA İŞLEMİ	LEVENT	2012
1567	SÜMBÜL APT.	DIŞ CEPHE MANTOLAMA İŞLEMİ	AKATLAR	2012
1568	SELDA APT.	DIŞ CEPHE MANTOLAMA İŞLEMİ	KALAMIŞ	2012
1569	İŞCAN APT.	DIŞ CEPHE MANTOLAMA İŞLEMİ	K.ÇEKMECE	2012
1570	NAZ APT.	DIŞ CEPHE FİLELİ SIVA İŞLEMİ	ÇİFTEHAVUZLAR	2012
1571	UFUK-TAN APT.	DIŞ CEPHE MANTOLAMA VE ÇATI YALITIM İŞLEMİ	ETİLER	2012
1572	MESUT BALTACI APT.	DIŞ CEPHE MANTOLAMA İŞLEMİ	BEŞİKTAŞ	2012
1573	KURAL APT.	DIŞ CEPHE MANTOLAMA İŞLEMİ	GÖZTEPE	2012
1574	MELİKE BİTLİS BİNASI	DIŞ CEPHE MANTOLAMA İŞLEMİ	ZEKERİYAKÖY	2012
1575	GÜDER APT.	ÇATI YALITIM İŞLEMİ	KÜÇÜKYALI	2012
1576	ALAN APT.	DIŞ CEPHE MANTOLAMA İŞLEMİ	AKATLAR	2012
1577	OTAŞ SİT. C2 BL.	DIŞ CEPHE MANTOLAMA İŞLEMİ	4. LEVENT	2012
1578	ÖZTÜRK PALAS APT.	DIŞ CEPHE MANTOLAMA İŞLEMİ	BOMONTİ	2012
1579	ERDİM APT.	ÇATI YALITIM İŞLEMİ	ORTAKÖY	2012
1580	ECE APT.	DIŞ CEPHE MANTOLAMA İŞLEMİ	NİŞANTAŞI	2012
1581	ALKENT FULYA 2	DIŞ CEPHE ONARIM VE BOYA İŞLEMİ	ETİLER	2012
1582	ESEN APT.	DIŞ CEPHE MANTOLAMA İŞLEMİ	KURTULUŞ	2012
1583	MİLLİYET YAPI KOOP.	DIŞ CEPHE MANTOLAMA İŞLEMİ	BAHÇEŞEHİR	2012
1584	OYAK 27. BL.	DIŞ CEPHE ONARIM VE BOYA İŞLEMİ	AYAZAĞA	2012
1585	ŞENER APT.	DIŞ CEPHE MANTOLAMA İŞLEMİ	ETİLER	2012
1586	SUNGUR APT.	DIŞ CEPHE MANTOLAMA İŞLEMİ	TEŞVİKİYE	2012
1587	BOĞAZİÇİ SİT. 1. BL.	DIŞ CEPHE MANTOLAMA İŞLEMİ	ULUS	2012
1588	ZEREN APT.	DIŞ CEPHE MANTOLAMA İŞLEMİ	VALİDEÇEŞME	2012
1589	TAYMAN APT.	DIŞ CEPHE MANTOLAMA İŞLEMİ	NİŞANTAŞI	2012
1590	MARMARA APT.	DIŞ CEPHE MANTOLAMA İŞLEMİ	GÜMÜŞSUYU	2012
1591	YEŞİM PALAS APT.	DIŞ CEPHE MANTOLAMA İŞLEMİ	MECİDİYEKÖY	2012
1592	GÖKSU EVLERİ B52 BL.	DIŞ CEPHE MANTOLAMA İŞLEMİ	ANADOLUHİSARI	2012
1593	UFUK APT.	DIŞ CEPHE MANTOLAMA İŞLEMİ	LEVENT	2012
1594	KOZA SİT. 17. BL.	DIŞ CEPHE MANTOLAMA İŞLEMİ	4. LEVENT	2012
1595	ÇEVRE SİT. 15A BL.	DIŞ CEPHE MANTOLAMA İŞLEMİ	AKATLAR	2012
1596	ALEV APT.	ÇATI YALITIM İŞLEMİ	ŞİŞLİ	2012
1597	BEYAZKÖŞK APT.	ÇATI YALITIM İŞLEMİ	MERDİVENKÖY	2012
1598	BAĞ APT.	DIŞ CEPHE MANTOLAMA İŞLEMİ	ULUS	2012
1599	ANKARA APT.	DIŞ CEPHE MANTOLAMA İŞLEMİ	ARNAVUTKÖY	2012
1600	GAZ. MUH. SİT. B11 BL.	DIŞ CEPHE MANTOLAMA İŞLEMİ	ULUS	2012
1601	YILDIRIM APT.	ÇATI YALITIM İŞLEMİ	GAYRETTEPE	2012
1602	ALKENT AÇELYA 2	DIŞ CEPHE ONARIM VE BOYA İŞLEMİ	ETİLER	2012
1603	GÜLHATMİ SOK. NO:7 	MANTOLAMA VE ÇATI İŞLEMİ	YENİKÖY	2012
1604	KIZILKAYA APT.	DIŞ CEPHE ONARIM VE BOYA İŞLEMİ	FENERBAHÇE	2012
1605	POLAT - NARİN APT.	DIŞ CEPHE MANTOLAMA İŞLEMİ	NİŞANTAŞI	2012
1606	OTAŞ SİT. C3 BL.	DIŞ CEPHE MANTOLAMA İŞLEMİ	4. LEVENT	2012
1607	SEDEN APT.	DIŞ CEPHE MANTOLAMA İŞLEMİ	ARNAVUTKÖY	2012
1608	KOZA SİT. 16. BL.	DIŞ CEPHE MANTOLAMA İŞLEMİ	4. LEVENT	2012
1609	RAB APT.	DIŞ CEPHE MANTOLAMA İŞLEMİ	YEŞİLKÖY	2012
1610	ÇINAR APT.	DIŞ CEPHE ONARIM, BOYA VE ÇATI YALITIM İŞLEMİ	ULUS	2012
1611	NURİBEY APT.	DIŞ CEPHE MANTOLAMA İŞLEMİ	DİKİLİTAŞ	2012
1612	MİM KARAHAN APT.	DIŞ CEPHE MANTOLAMA VE ÇATI YALITIM İŞLEMİ	NİŞANTAŞI	2012
1613	ENGİN KONAK APT.	DIŞ CEPHE MANTOLAMA VE ÇATI YALITIM İŞLEMİ	NİŞANTAŞI	2012
1614	GÖKSU EVLERİ C11 BL.	ÇATI YALITIM İŞLEMİ	AANADOLUHİSARI	2012
1615	TANOVA APT.	DIŞ CEPHE ONARIM, BOYA VE ÇATI YALITIM İŞLEMİ	BEBEK	2012
1616	GAZ. MUH. SİT. B9 BL.	DIŞ CEPHE MANTOLAMA İŞLEMİ	ULUS	2012
1617	İFFET APT	DIŞ CEPHE MANTOLAMA İŞLEMİ	GÖZTEPE	2012
1618	ASÇAMLIK SİT. C BL.	DIŞ CEPHE MANTOLAMA İŞLEMİ	KOŞUYOLU	2012
1619	LALE APT.	DIŞ CEPHE MANTOLAMA İŞLEMİ	ŞİŞLİ	2012
1620	YENİ HAYAT APT.	DIŞ CEPHE ONARIM, BOYA VE ÇATI YALITIM İŞLEMİ	BEYOĞLU	2012
1621	ÇEHRELİ APT.	DIŞ CEPHE ONARIM VE MERMER İŞLEMİ	TOPAĞACI	2012
1622	MERİÇ KONAK APT.	DIŞ CEPHE MANTOLAMA İŞLEMİ	AKATLAR	2012
1623	YAVUZ APT.	ÇATI YALITIM İŞLEMİ	MODA	2012
1624	SARUHAN APT.	DIŞ CEPHE MANTOLAMA İŞLEMİ	MECİDİYEKÖY	2012
1625	HÜRRİYET PASAJI	ÇATI YALITIM İŞLEMİ	ŞİŞLİ	2012
1626	CENGİZ AYDIN VİLLA	DIŞ CEPHE MANTOLAMA İŞLEMİ	ZEKERİYAKÖY	2012
1627	AKSU APT.	DIŞ CEPHE MANTOLAMA İŞLEMİ	GÖZTEPE	2012
1628	AZERİ APT.	DIŞ CEPHE MANTOLAMA İŞLEMİ	BOSTANCI	2012
1629	ÖZGEÇEN APT.	DIŞ CEPHE MANTOLAMA İŞLEMİ	MECİDİYEKÖY	2012
1630	DERYA APT.	DIŞ CEPHE MANTOLAMA İŞLEMİ	NİŞANTAŞI	2012
1631	KAPLANCALI 3 APT.	DIŞ CEPHE ONARIM, BOYA VE ÇATI YALITIM İŞLEMİ	ŞİŞLİ	2012
1632	NERGİZ APT.	DIŞ CEPHE FİLELİ SIVA İŞLEMİ	İSTİNYE	2012
1633	MEMDUH AYTÜR APT.	DIŞ CEPHE MANTOLAMA İŞLEMİ	ULUS	2012
1634	YUVAM APT.	DIŞ CEPHE MANTOLAMA İŞLEMİ	NİŞANTAŞI	2012
1635	GÜLYURT APT.	DIŞ CEPHE MANTOLAMA İŞLEMİ	MECİDİYEKÖY	2012
1636	ATEŞ APT.	DIŞ CEPHE MANTOLAMA İŞLEMİ	ÜSKÜDAR	2012
1637	RESNE APT.	DIŞ CEPHE MANTOLAMA İŞLEMİ	FENERYOLU	2012
1638	SÜLÜN APT.	DIŞ CEPHE FİLELİ SIVA İŞLEMİ	TEŞVİKİYE	2013
1639	PINAR TURİZM BİNASI	DIŞ CEPHE ONARIM VE BOYA İŞLEMİ	BEYOĞLU	2013
1640	PERLAVİSTA AVM	TERAS YALITIM İŞLEMİ	BEYLİKDÜZÜ	2013
1641	TAYMAN APT.	DIŞ CEPHE ONARIM VE BOYA İŞLEMİ	TEŞVİKİYE	2013
1642	ÇETİN ÇELİK APT.	DIŞ CEPHE MANTOLAMA İŞLEMİ	ETİLER	2013
1643	ŞEKERCİ SOK NO:8 APT.	DIŞ CEPHE MANTOLAMA VE ÇATI YALITIM İŞLEMİ	ORTAKÖY	2013
1644	METİN APT.	DIŞ CEPHE ONARIM VE BOYA İŞLEMİ	BALMUMCU	2013
1645	REFİKBEY APT.	DIŞ CEPHE MANTOLAMA İŞLEMİ	ERENKÖY	2013
1646	ERTUĞRUL SİT. 127-129 BL.	DIŞ CEPHE MANTOLAMA İŞLEMİ	BALMUMCU	2013
1647	OVALAR AŞ. BİNASI	DIŞ CEPHE SÖKÜM VE MANTOLAMA İŞLEMİ	SEYRANTEPE	2013
1648	YAĞCILAR SİT. B BL.	DIŞ CEPHE MANTOLAMA İŞLEMİ	BEYLERBEYİ	2013
1649	IŞIK APT.	ÇATI YALITIM  İŞLEMİ	ULUS	2013
1650	ORSA APT.	DIŞ CEPHE MANTOLAMA İŞLEMİ	ACIBADEM	2013
1651	ŞAMİLPAŞA EVLERİ	ÇATI YALITIM İŞLEMİ	BEŞİKTAŞ	2013
1652	AYNALI FIRIN APT.	DIŞ CEPHE MANTOLAMA İŞLEMİ	BEŞİKTAŞ	2013
1653	BAYSUN APT.	DIŞ CEPHE MANTOLAMA İŞLEMİ	DİKİLİTAŞ	2013
1654	GÜL APT.	DIŞ CEPHE MANTOLAMA İŞLEMİ	BEŞİKTAŞ	2013
1655	ULUS SİT 3. BL.	DIŞ CEPHE MANTOLAMA İŞLEMİ	ULUS	2013
1656	HÜLYA APT.	DIŞ CEPHE MANTOLAMA VE ÇATI YALITIM İŞLEMİ	KAZASKER	2013
1657	ŞİRİN APT.	DIŞ CEPHE MANTOLAMA İŞLEMİ	BEŞİKTAŞ	2013
1658	GÖZPAK APT.	DIŞ CEPHE MANTOLAMA İŞLEMİ	DİKİLİTAŞ	2013
1659	ŞEYÇAM APT.	DIŞ CEPHE MANTOLAMA VE ÇATI YALITIM İŞLEMİ	ULUS	2013
1660	KİBAR APT.	DIŞ CEPHE MANTOLAMA İŞLEMİ	FENERYOLU	2013
1661	KÖŞK APT.	DIŞ CEPHE FİLELİ SIVA İŞLEMİ	4. LEVENT	2013
1662	Y.LEVENT SİT. 18. BL.	ÇATI YALITIM İŞLEMİ	YENİLEVENT	2013
1663	BASIN SİT. A BL.	DIŞ CEPHE MANTOLAMA İŞLEMİ	4. LEVENT	2013
1664	BASIN SİT. B BL.	DIŞ CEPHE MANTOLAMA İŞLEMİ	4. LEVENT	2013
1665	BASIN SİT. C BL.	DIŞ CEPHE MANTOLAMA İŞLEMİ	4. LEVENT	2013
1666	BASIN SİT. J BL.	DIŞ CEPHE MANTOLAMA İŞLEMİ	4. LEVENT	2013
1667	BASIN SİT. F BL.	DIŞ CEPHE MANTOLAMA İŞLEMİ	4. LEVENT	2013
1668	YAŞAM SİT. 18. BL.	DIŞ CEPHE MANTOLAMA İŞLEMİ	ACIBADEM	2013
1669	HİLDE OTEL	DIŞ CEPHE MANTOLAMA İŞLEMİ	BAHÇEKÖY	2013
1670	ALİ KİBAR APT.	DIŞ CEPHE MANTOLAMA İŞLEMİ	NİŞANTAŞI	2013
1671	POLAT 8 APT.	DIŞ CEPHE MANTOLAMA İŞLEMİ	GAYRETTEPE	2013
1672	GÜNEŞ APT.	DIŞ CEPHE MANTOLAMA İŞLEMİ	DİKİLİTAŞ	2013
1673	TONGUÇ APT.	DIŞ CEPHE MANTOLAMA İŞLEMİ	ULUS	2013
1674	GAZ. SİT. B2 BL.	DIŞ CEPHE MANTOLAMA İŞLEMİ	MASLAK	2013
1675	ATA KULAKSIZ APT.	DIŞ CEPHE MANTOLAMA VE OTOPARK İŞLEMİ	GÖZTEPE	2013
1676	CANİKO SİT. B BL.	DIŞ CEPHE ONARIM, BOYA VE YENİ ÇATI YAPIM İŞL.	BEŞİKTAŞ	2013
1677	FAZİLET ÖZGÜR BİNASI	YENİ ÇATI YAPIM İŞLEMİ	DRAGOS	2013
1678	KUZUOĞLU APT.	DIŞ CEPHE MANTOLAMA İŞLEMİ	MECİDİYEKÖY	2013
1679	ÜNSAL KARAHAN SİT.	DIŞ CEPHE MANTOLAMA İŞLEMİ	TOPAĞACI	2013
1680	PERLETTİ TEKSTİL BİNASI	TERAS YALITIM İŞLEMİ	ŞİŞLİ	2013
1681	FİLİZ APT.	DIŞ CEPHE MANTOLAMA İŞLEMİ	FULYA	2013
1682	CEYLAN APT.	DIŞ CEPHE MANTOLAMA İŞLEMİ	ÇAMLICA	2013
1683	41 EVLER SİTESİ	DIŞ CEPHE MANTOLAMA İŞLEMİ	ESENKENT	2013
1684	ERCAN HAN	DIŞ CEPHE MANTOLAMA İŞLEMİ	ESENTEPE	2013
1685	NEMİKA HANIM APT.	DIŞ CEPHE MANTOLAMA İŞLEMİ	KOZYATAĞI	2013
1686	GAZ. MUH. SİT. B10 BL.	DIŞ CEPHE MANTOLAMA İŞLEMİ	ULUS	2013
1687	MAPA GİYİM BİNASI	GÜÇLENDİRME-OTOPARK VE DIŞ CEPHE İŞLEMİ	4. LEVENT	2013
1688	YAĞCILAR SİT. C BL.	DIŞ CEPHE MANTOLAMA İŞLEMİ	BEYLERBEYİ	2013
1689	KÖŞK APT.	DIŞ CEPHE MANTOLAMA İŞLEMİ	BOSTANCI	2013
1690	YUVA SİTESİ	DIŞ CEPHE MANTOLAMA İŞLEMİ	KURUÇEŞME	2013
1691	PALMİYE APT.	DIŞ CEPHE MANTOLAMA İŞLEMİ	ALTINTEPE	2013
1692	MAYA SİT 12. BL.	DIŞ CEPHE MANTOLAMA İŞLEMİ	ETİLER	2013
1693	K.ÇAMLIK SİT. A2 BL.	DIŞ CEPHE MANTOLAMA İŞLEMİ	ETİLER	2013
1694	MİM KONAK A-B BL.	DIŞ CEPHE MANTOLAMA İŞLEMİ	ORTAKÖY	2013
1695	HİKMET HANIM APT.	DIŞ CEPHE MANTOLAMA İŞLEMİ	GÖZTEPE	2013
1696	MANOLYA APT.	DIŞ CEPHE MANTOLAMA İŞLEMİ	DİKİLİTAŞ	2013
1697	CİHANGİR APT.	DIŞ CEPHE MANTOLAMA İŞLEMİ	YEŞİLYURT	2013
1698	4. GAZ. SİT. B13 BL.	DIŞ CEPHE MANTOLAMA VE YENİ ÇATI YAPIM İŞLEMİ	AKATLAR	2013
1699	GAZ. SİT. A4 BL.	DIŞ CEPHE MANTOLAMA İŞLEMİ	MASLAK	2013
1700	YILDIZ SİTESİ	DIŞ CEPHE MANTOLAMA İŞLEMİ	LEVAZIM	2013
1701	GALİPBEY APT.	DIŞ CEPHE MANTOLAMA İŞLEMİ	BEBEK	2013
1702	SERDAROĞLU APT.	DIŞ CEPHE MANTOLAMA İŞLEMİ	BEŞİKTAŞ	2013
1703	GÜL APT.	DIŞ CEPHE MANTOLAMA İŞLEMİ	SELAMİÇEŞME	2013
1704	ÖZEN APT.	DIŞ CEPHE MANTOLAMA VE YENİ ÇATI YAPIM İŞLEMİ	MECİDİYEKÖY	2013
1705	YENİ ULUS SİT. B1 BL.	ÇATI YALITIM İŞLEMİ	ULUS	2013
1706	PROFLEKS AŞ. BİNASI	TERAS YALITIM İŞLEMİ	ZEYTİNBURNU	2013
1707	SET APT.	DIŞ CEPHE FİLELİ SIVA İŞLEMİ	MAÇKA	2014
1708	ÖZLER TURİZM BİNASI	DIŞ CEPHE MANTOLAMA İŞLEMİ	LEVENT	2014
1709	HÜRRİYET APT.	DIŞ CEPHE MANTOLAMA İŞLEMİ	BAKIRKÖY	2014
1710	SONGÜLER APT.	DIŞ CEPHE MANTOLAMA İŞLEMİ	FLORYA	2014
1711	UĞURLU APT.	DIŞ CEPHE MANTOLAMA İŞLEMİ	ÜMRANİYE	2014
1712	BOĞAZKENT K8-A	DIŞ CEPHE MANTOLAMA İŞLEMİ	SARIYER	2014
1713	EMEK APT.	DIŞ CEPHE FİLELİ SIVA İŞLEMİ	LEVENT	2014
1714	GÜLYÜZ YOLGA BİNASI	YENİ ÇATI YAPIM İŞLEMİ	BAYRAMOĞLU	2014
1715	YAĞCILAR SİT. A BL.	DIŞ CEPHE MANTOLAMA İŞLEMİ	BEYLERBEYİ	2014
1716	0 27 - 28 BL.	DIŞ CEPHE MANTOLAMA VE ÇATI YALITIM İŞLEMİ	ATAKÖY	2014
1717	N 37 - 38 BL.	DIŞ CEPHE MANTOLAMA VE ÇATI YALITIM İŞLEMİ	ATAKÖY	2014
1718	EVİM APT.	DIŞ CEPHE MANTOLAMA İŞLEMİ	BAKIRKÖY	2014
1719	KRİZANTEM 21	DIŞ CEPHE MANTOLAMA İŞLEMİ	LEVENT	2014
1720	DUYGU ALEMDARĞLU BİNASI	DIŞ CEPHE MANTOLAMA İŞLEMİ	ZEKERİYAKÖY	2014
1721	SABA APT.	DIŞ CEPHE FİLELİ SIVA İŞLEMİ	BEBEK	2014
1722	BUÇUKOĞLU APT.	DIŞ CEPHE MANTOLAMA İŞLEMİ	KOZYATAĞI 	2014
1723	URAS APT.	DIŞ CEPHE MANTOLAMA İŞLEMİ	FATİH	2014
1724	NERGİZ APT.	DIŞ CEPHE MANTOLAMA İŞLEMİ	AKATLAR	2014
1725	ÜÇEM APT.	PARAPET ÇATI VE KOLON ONARIM İŞLEMİ	TEŞVİKİYE	2014
1726	SERHATLIOĞLU APT.	DIŞ CEPHE MANTOLAMA İŞLEMİ	TEŞVİKİYE	2014
1727	DORAY APT.	DIŞ CEPHE MANTOLAMA İŞLEMİ	NİŞANTAŞI	2014
1728	CEDİDİYE NO:1 APT.	DIŞ CEPHE MANTOLAMA İŞLEMİ	YILDIZ	2014
1729	SARAY APT.	DIŞ CEPHE MANTOLAMA İŞLEMİ	ULUS	2014
1730	MODÜL APT.	ÇATI YALITIM İŞLEMİ	NİŞANTAŞI	2014
1731	GAZ. SİT. A ÜSSÜ 4 BL.	DIŞ CEPHE MANTOLAMA İŞLEMİ	MASLAK	2014
1732	BURGAZ APT.	DIŞ CEPHE MANTOLAMA İŞLEMİ	TEŞVİKİYE	2014
1733	DAMLA APT.	DIŞ CEPHE MANTOLAMA İŞLEMİ	MODA	2014
1734	OLCAY APT.	DIŞ CEPHE MANTOLAMA İŞLEMİ	NİŞANTAŞI	2014
1735	GÜL APT.	DIŞ CEPHE MANTOLAMA İŞLEMİ	ŞİŞLİ	2014
1736	HUZUR APT.	DIŞ CEPHE MANTOLAMA İŞLEMİ	MECİDİYEKÖY	2014
1737	SÜREYYA APT.	DIŞ CEPHE MANTOLAMA İŞLEMİ	NİŞANTAŞI	2014
1738	SAYAR APT.	DIŞ CEPHE MANTOLAMA İŞLEMİ	NİŞANTAŞI	2014
1739	TAN APT.	DIŞ CEPHE MANTOLAMA İŞLEMİ	BEBEK	2014
1740	ÜNALP APT.	DIŞ CEPHE MANTOLAMA İŞLEMİ	ETİLER	2014
1741	POYRAZ SİT. B2 BL.	DIŞ CEPHE MANTOLAMA VE ÇATI YALITIM İŞLEMİ	YENİKÖY	2014
1742	BASIN DOĞA SİT.	DRENAJ VE ZEMİN YALITIM İŞLEMİ	BEYLİKDÜZÜ	2014
1743	VALİKONAĞI NO:98	DIŞ CEPHE FİLELİ SIVA İŞLEMİ	NİŞANTAŞI	2014
1744	HİSARKENT APT.	DIŞ CEPHE MANTOLAMA İŞLEMİ	ŞİŞLİ	2014
1745	KARACALARLI APT.	DIŞ CEPHE MANTOLAMA İŞLEMİ	NİŞANTAŞI	2014
1746	KARAOĞLU APT.	DIŞ CEPHE MANTOLAMA İŞLEMİ	BEŞİKTAŞ	2014
1747	OYAK SİT. 36 BL.	DIŞ CEPHE MANTOLAMA İŞLEMİ	YENİLEVENT	2014
1748	4. GZT. SİT. B10 BL.	DIŞ CEPHE MANTOLAMA İŞLEMİ	AKATLAR	2014
1749	NUR APT.	DIŞ CEPHE MANTOLAMA İŞLEMİ	ETİLER	2014
1750	ARZU APT.	DIŞ CEPHE MANTOLAMA İŞLEMİ	BAKIRKÖY	2014
1751	DORUK APT.	DIŞ CEPHE MANTOLAMA İŞLEMİ	ORTAKÖY	2014
1752	ORKİDE APT.	DIŞ CEPHE MANTOLAMA İŞLEMİ	GÖZTEPE	2014
1753	NEBAHAT APT.	DIŞ CEPHE MANTOLAMA İŞLEMİ	KURTULUŞ	2014
1754	TAYYARECİ FEHMİ 12	DIŞ CEPHE FİLELİ SIVA VE YENİ ÇATI YAPIM İŞLEMİ	PANGALTI	2014
1755	KAMERİYE APT.	DIŞ CEPHE MANTOLAMA İŞLEMİ	FENERYOLU	2014
1756	PALMİYE APT.	DIŞ CEPHE MANTOLAMA İŞLEMİ	GAYRETTEPE	2014
1757	SiSKA İNŞ. AŞ. BİNASI	AKBANK GAYRETTEPE DIŞ CEPHE İŞLEMİ	GAYRETTEPE	2014
1758	KIRBAÇ SOK. NO:7 	DIŞ CEPHE MANTOLAMA İŞLEMİ	KURUÇEŞME	2014
1759	BJK PLAZA	DIŞ CEPHE MANTOLAMA İŞLEMİ	BEŞİKTAŞ	2014
1760	UMUR APT.	DIŞ CEPHE MANTOLAMA İŞLEMİ	TEŞVİKİYE	2014
1761	BOLAHENK APT.	DIŞ CEPHE MANTOLAMA İŞLEMİ	GÜMÜŞSUYU	2014
1762	CEYLAN APT.	DIŞ CEPHE MANTOLAMA İŞLEMİ	FULYA	2014
1763	AKASYA APT.	DIŞ CEPHE MANTOLAMA İŞLEMİ	KURTULUŞ	2014
1764	GÖKALP APT.	DIŞ CEPHE FİLELİ SIVA İŞLEMİ	FENERYOLU	2014
1765	AYDIN APT.	DIŞ CEPHE MANTOLAMA İŞLEMİ	ÇAMLICA	2014
1766	SARIHAN APT.	DIŞ CEPHE MANTOLAMA İŞLEMİ	ULUS	2014
1767	GÜNEŞ APT.	ÇATI YALITIM, BAHÇE PEYSAJ VE REVİZYON İŞL.	MİMAROBA	2014
1768	TOSKANA EVLERİ	DIŞ CEPHE MANTOLAMA İŞLEMİ	BÜYÜKÇEKMECE	2014
1769	GARPLI SOK. NO:11 APT.	DIŞ CEPHE MANTOLAMA İŞLEMİ	KAVACIK	2015
1770	MERMER APT.	ÇATI YALITIM İŞLEMİ	TAKSİM	2015
1771	ÇIDAMAL APT.	ÇATI VE TERAS YALITIM İŞLEMİ	ETİLER	2015
1772	GÖZÜM APT.	DIŞ CEPHE RESTORASYON VE BOYA İŞLEMİ	TEŞVİKİYE	2015
1773	KISMET APT.	DIŞ CEPHE MANTOLAMA VE ÇATI YALITIM İŞLEMİ	ŞİŞLİ	2015
1774	ŞEVKETLİ APT.	DIŞ CEPHE MANTOLAMA İŞLEMİ	KADIKÖY	2015
1775	MERİÇ KONAK APT.	DIŞ CEPHE MANTOLAMA İŞLEMİ	MECİDİYEKÖY	2015
1776	METİN KONAK  APT.	DIŞ CEPHE MANTOLAMA VE ÇATI YALITIM İŞLEMİ	BALMUMCU	2015
1777	SABRİ SEFA HAN	DIŞ CEPHE VE ÇATI YALITIM İŞLEMİ	EMİNÖNÜ	2015
1778	SEMRA APT.	DIŞ CEPHE MANTOLAMA VE ÇATI YALITIM İŞLEMİ	ŞİRİNEVLER	2015
1779	EMEKTAR APT.	DIŞ CEPHE MANTOLAMA İŞLEMİ	GÜMÜŞSUYU	2015
1780	ITIR APT.	DIŞ CEPHE MANTOLAMA İŞLEMİ	ŞİŞLİ	2015
1781	YAVUZ APT.	DIŞ CEPHE MANTOLAMA  İŞLEMİ	ÜMRANİYE	2015
1782	MURAT PALAS APT.	DIŞ CEPHE MANTOLAMA İŞLEMİ	NİŞANTAŞI	2015
1783	ÇINAR APT.	DIŞ CEPHE MANTOLAMA İŞLEMİ	ŞİŞLİ	2015
1784	KOREŞOĞLU APT.	DIŞ CEPHE MANTOLAMA İŞLEMİ	MECİDİYEKÖY	2015
1785	BÜYÜKHANLI SİT.	6 BLOK YENİ ÇATI YAPIM İŞLEMİ	LEVENT	2015
1786	ZERGERDAN SOK.11	DIŞ CEPHE MANTOLAMA İŞLEMİ	EMİRGAN	2015
1787	KAMER SİT. 3. BL.	DIŞ CEPHE MANTOLAMA İŞLEMİ	ULUS	2015
1788	FATMA SERRA APT.	DIŞ CEPHE MANTOLAMA İŞLEMİ	GÖZTEPE	2015
1789	TAŞLIK APT.	DIŞ CEPHE MANTOLAMA İŞLEMİ	MAÇKA	2015
1790	KORU APT.	DIŞ CEPHE MANTOLAMA, BA SU DEPOSU YAPIM İŞL.	İSTİNYE	2015
1791	BELDE SİT. A1-A2 BL.	DIŞ CEPHE MANTOLAMA İŞLEMİ	GAYRETTEPE	2015
1792	ÖZÇAY APT.	DIŞ CEPHE MANTOLAMA İŞLEMİ	MECİDİYEKÖY	2015
1793	KESKİN APT.	DIŞ CEPHE MANTOLAMA İŞLEMİ	ETİLER	2015
1794	MAYA SİT. S BL.	DIŞ CEPHE MANTOLAMA İŞLEMİ	AKATLAR	2015
1795	SARAL SİT. A1 BL.	DIŞ CEPHE MANTOLAMA İŞLEMİ	GAYRETTEPE	2015
1796	GÜL PALAS APT.	ÇATI YALITIM İŞLEMİ	GAYRETTEPE	2015
1797	BOZBEY APT.	DIŞ CEPHE MANTOLAMA İŞLEMİ	GAYRETTEPE	2015
1798	KIRAL APT.	DIŞ CEPHE MANTOLAMA İŞLEMİ	ULUS	2015
1799	ALTINBAŞAK APT.	DIŞ CEPHE MANTOLAMA İŞLEMİ	BEŞİKTAŞ	2015
1800	POLAT APT.	YENİ ÇATI YAPIM İŞLEMİ	NİŞANTAŞI	2015
1801	ARCADE OTEL	DIŞ CEPHE RESTORASYON VE BOYA İŞLEMİ	OSMANBEY	2015
1802	GÜZEL MARMARA APT.	DIŞ CEPHE MANTOLAMA İŞLEMİ	GÜMÜŞSUYU	2015
1803	ERDEM APT.	ÇATI YALITIM İŞLEMİ	LEVENT	2015
1804	KONAK APT.	DIŞ CEPHE MANTOLAMA İŞLEMİ	ŞİŞLİ	2015
1805	KUNT APT.	DIŞ CEPHE MANTOLAMA İŞLEMİ	GÜMÜŞSUYU	2015
1806	BERK APT.	DIŞ CEPHE MANTOLAMA İŞLEMİ	BAHÇELİEVLER	2015
1807	İSMAİLBEY APT.	DIŞ CEPHE MANTOLAMA İŞLEMİ	ÜSKÜDAR	2015
1808	BADE APT.	DIŞ CEPHE FİLELİ SIVA VE ÇATI YALITIM İŞLEMİ	BEBEK	2015
1809	YİĞİTOĞLU APT.	DIŞ CEPHE MANTOLAMA İŞLEMİ	GAYRETTEPE	2015
1810	DEMİRCİOĞLU APT.	DIŞ CEPHE MANTOLAMA İŞLEMİ	MECİDİYEKÖY	2015
1811	ALİBORA APT.	DIŞ CEPHE MANTOLAMA İŞLEMİ	BEŞİKTAŞ	2015
1812	METİN APT.	DIŞ CEPHE MANTOLAMA İŞLEMİ	TOPAĞACI	2015
1813	LOTUS APT.	DIŞ CEPHE MANTOLAMA İŞLEMİ	BEŞİKTAŞ	2015
1814	ARLI APT.	DIŞ CEPHE MANTOLAMA İŞLEMİ	RUMELİHİSARI	2015
1815	ÜSTDENİZBANK SİT.	DIŞ CEPHE MANTOLAMA İŞLEMİ	REŞİTPAŞA	2015
1816	OYAK SİT. 44. BL.	DIŞ CEPHE MANTOLAMA İŞLEMİ	YENİLEVENT	2015
1817	ZÜMRÜTPALAS APT.	DIŞ CEPHE MANTOLAMA İŞLEMİ	VALİDEÇEŞME	2015
1818	NEZİH GÖRGÜN VİLLA	ÇATI YALITIM İŞLEMİ	ARIKÖY	2015
1819	TALİH APT.	DIŞ CEPHE MANTOLAMA İŞLEMİ	ŞİŞLİ	2015
1820	İYİDOĞAN APT.	DIŞ CEPHE MANTOLAMA İŞLEMİ	BAHÇELİEVLER	2015
1821	KAMER SİT. 10-11-12 BL.	DIŞ CEPHE MANTOLAMA İŞLEMİ	ULUS	2015
1822	UFUK APT.	DIŞ CEPHE FİLELİ SIVA VE TERAS YALITIM İŞLEMİ	MODA	2015
1823	GLORYA APT.	DIŞ CEPHE ONARIM VE BOYA İŞLEMİ	GALATA	2015
1824	GAZT. SİT. A9 BL.	DIŞ CEPHE FİLELİ SIVA İŞLEMİ	MASLAK	2015
1825	ETİLER APT.	TERAS YALITIM İŞLEMİ	ETİLER	2015
1826	GAYRET APT.	ÇATI YALITIM İŞLEMİ	ULUS	2015
1827	ÖZLEN APT.	DIŞ CEPHE MANTOLAMA İŞLEMİ	CİHANGİR	2015
1828	KAPANCI APT.	DIŞ CEPHE MANTOLAMA İŞLEMİ	NİŞANTAŞI	2015
1829	AYCAN APT.	DIŞ CEPHE MANTOLAMA İŞLEMİ	FULYA	2015
1830	BEYAZKÖŞK APT.	DIŞ CEPHE MANTOLAMA İŞLEMİ	ULUS	2015
1831	SERDAROĞLU APT.	DIŞ CEPHE MANTOLAMA İŞLEMİ	MAÇKA	2015
1832	AKTAN SİTESİ	ÇATI YALITIM İŞLEMİ	MECİDİYEKÖY	2015
1833	KARACALARLI APT.	ÇATI YALITIM İŞLEMİ	NİŞANTAŞI	2015
1834	MANZARA APT.	DIŞ CEPHE ONARIM, BOYA VE TERAS YALITIM İŞLEMİ	MODA	2015
1835	YONCA APT.	TERAS YALITIM İŞLEMİ	MODA	2015
1836	AKIN YUVAM A BL.	DIŞ CEPHE FİLELİ SIVA İŞLEMİ	ETİLER	2015
1837	HALİLBEY APT.	ÇATI YALITIM İŞLEMİ	NİŞANTAŞI	2015
1838	EMLAK KONUT F2 BL.	DIŞ CEPHE MANTOLAMA İŞLEMİ	FATİH	2015
1839	ÜLKÜ APT.	DIŞ CEPHE SÖKÜM VE MANTOLAMA İŞLEMİ	LEVENT	2015
1840	TURAY APT.	TERAS YALITIM İŞLEMİ	ETİLER	2015
1841	ŞEREF KARADENİZ	DIŞ CEPHE MANTOLAMA İŞLEMİ	ZEKERİYAKÖY	2015
1842	GÖKSU EVLERİ C59 BL.	ÇATI YALITIM İŞLEMİ	A.HİSARI	2015
1843	EMİROĞLU APT.	DIŞ CEPHE MANTOLAMA İŞLEMİ	BAKIRKÖY	2015
1844	GÜNAYDIN APT. C BL.	DIŞ CEPHE MANTOLAMA İŞLEMİ	BEBEK	2015
1845	GÜN - AYDIN APT.	DIŞ CEPHE MANTOLAMA VE ÇATI YALITIM İŞLEMİ	NİŞANTAŞI	2015
1846	EKŞİOĞLU APT.	DIŞ CEPHE MANTOLAMA İŞLEMİ	FULYA	2015
1847	ALKENT MİMOZA 2 BL.	ÇATI YALITIM İŞLEMİ	ETİLER	2015
1848	MÜHÜRDAR KONAĞI	DIŞ CEPHE FİLELİ SIVA İŞLEMİ	MODA	2015
1849	TOPCENİK APT.	DIŞ CEPHE MANTOLAMA İŞLEMİ	MALTEPE	2015
1850	YAMAÇ APT.	DIŞ CEPHE MANTOLAMA İŞLEMİ	İSTİNYE	2015
1851	BİRKAN APT.	DIŞ CEPHE MANTOLAMA İŞLEMİ	BEBEK	2015
1852	DUMAN APT.	DIŞ CEPHE MANTOLAMA İŞLEMİ	ORTAKÖY	2015
1853	ALARA APT.	DIŞ CEPHE MANTOLAMA İŞLEMİ	ULUS	2015
1854	UFUK APT.	DIŞ CEPHE MANTOLAMA İŞLEMİ	BAKIRKÖY	2015
1855	MERKEZ APT.	DIŞ CEPHE MANTOLAMA İŞLEMİ	ELMADAĞ	2015
1856	BALCI APT.	DIŞ CEPHE MANTOLAMA İŞLEMİ	BEŞİKTAŞ	2015
1857	MUALLA HN. APT.	DIŞ CEPHE FİLELİ SIVA İŞLEMİ	SELAMİÇEŞME	2015
1858	YAŞAR BAŞ VİLLA	DIŞ CEPHE MANTOLAMA İŞLEMİ	ÇAVUŞBAŞI	2015
1859	DOĞAKENT B2 BL.	DIŞ CEPHE MANTOLAMA İŞLEMİ	ULUS	2015
1860	KENT APT.	DIŞ CEPHE MANTOLAMA İŞLEMİ	KIZILTOPRAK	2015
1861	KARGIN PALAS APT.	DIŞ CEPHE MANTOLAMA İŞLEMİ	OSMANBEY	2015
1862	EVREN  APT.	DIŞ CEPHE ONARIM FİLELİ SIVA İŞLEMİ	ERENKÖY	2015
1863	KEÇELİ İŞ MERKEZİ	DRENAJ İŞLEMİ	MECİDİYEKÖY	2015
1864	HİKMET İŞ MERKEZİ	DIŞ CEPHE MANTOLAMA İŞLEMİ	MECİDİYEKÖY	2015
1865	ŞALE APT.	DIŞ CEPHE MANTOLAMA İŞLEMİ	BEŞİKTAŞ	2015
1866	IHLAMUR SİTESİ	DRENAJ VE ZEMİN KAPLAMA İŞLEMİ	DİKİLİTAŞ	2016
1867	KORU APT.	PARAPET VE GÜÇLENDİRME İŞLEMİ	BEBEK	2016
1868	BJK PLAZA 	İÇ CEPHE VE AYDINLIK BOYA İŞLEMİ	AKARETLER	2016
1869	ÇEHRELİ APT.	DIŞ CEPHE MANTOLAMA İŞLEMİ	NİŞANTAŞI	2016
1870	GÖKSU EVLERİ NO:15	DIŞ CEPHE ONARIM, BOYA VE ÇATI YALITIM İŞLEMİ	A.HİSARI	2016
1871	ALİ TARAN BİNASI	DIŞ CEPHE MANTOLAMA İŞLEMİ	AKATLAR	2016
1872	ORTAKLAR APT.	ÇATI YALITIM İŞLEMİ	BEŞİKTAŞ	2016
1873	PARK APT.	DIŞ CEPHE MANTOLAMA VE ÇATI YALITIM İŞLEMİ	TAKSİM	2016
1874	DENİZ APT.	DIŞ CEPHE MANTOLAMA İŞLEMİ	BEBEK	2016
1875	KURUKAHVECİ BİNASI	DIŞ CEPHE MANTOLAMA İŞLEMİ	LEVENT	2016
1876	HUKUKÇULAR SİTESİ	ZEMİN, PARK YALITIM VE TAŞ KAPLAMA İŞLEMİ	MECİDİYEKÖY	2016
1877	ATAMAN SİT.	DIŞ CEPHE MANTOLAMA İŞLEMİ	KİLYOS	2016
1878	ERGÜVEN APT.	DIŞ CEPHE MANTOLAMA VE ÇATI YALITIM İŞLEMİ	FULYA	2016
1879	MİM APT.	DIŞ CEPHE MANTOLAMA İŞLEMİ	NİŞANTAŞI	2016
1880	ASLANOBA İNŞAAT	TEMEL VE ZEMİN YALITIM İŞLEMİ	NİŞANTAŞI	2016
1881	SEVGİ AKYURT VİLLA	DIŞ CEPHE MANTOLAMA İŞLEMİ	SİNANOBA	2016
1882	ALAN APT.	DIŞ CEPHE MANTOLAMA İŞLEMİ	DİKİLİTAŞ	2016
1883	KARDEŞLER İŞ HANI	DIŞ CEPHE ONARIM VE BOYA İŞLEMİ	TOPÇULAR	2016
1884	ABDÜSSELAM SOK NO:1	DIŞ CEPHE MANTOLAMA İŞLEMİ	BEYOĞLU	2016
1885	CİHANGİR APT.	DIŞ CEPHE MANTOLAMA İŞLEMİ	CİHANGİR	2016
1886	SİNANOBA A116 	DIŞ CEPHE MANTOLAMA İŞLEMİ	SİNANOBA	2016
1887	SİNANOBA A117	DIŞ CEPHE MANTOLAMA İŞLEMİ	SİNANOBA	2016
1888	ARKAN APT.	DIŞ CEPHE MANTOLAMA İŞLEMİ	MECİDİYEKÖY	2016
1889	MERAL APT.	DIŞ CEPHE MANTOLAMA İŞLEMİ	ŞİŞLİ	2016
1890	ÇAMALTI APT.	DIŞ CEPHE MANTOLAMA İŞLEMİ	MALTEPE	2016
1891	BÜYÜKHANLI SİTESİ	6 BLOK DIŞ CEPHE MANTOLAMA İŞLEMİ	LEVENT	2016
1892	ÇAVUŞOĞLU APT.	ÇATI YALITIM İŞLEMİ	MODA	2016
1893	SABRİ KAYA BİNASI	DIŞ CEPHE MANTOLAMA İŞLEMİ	YILDIZ	2016
1894	DEFNE APT.	DIŞ CEPHE MANTOLAMA İŞLEMİ	TARABYA	2016
1895	ALTINOVA  APT.	DIŞ CEPHE MANTOLAMA İŞLEMİ	MECİDİYEKÖY	2016
1896	ZAMBAK APT.	DIŞ CEPHE MANTOLAMA İŞLEMİ	ŞİŞLİ	2016
1897	OYMALI APT.	DIŞ CEPHE MANTOLAMA İŞLEMİ	ŞİŞLİ	2016
1898	EMLAK KONUT H3 BL.	DIŞ CEPHE MANTOLAMA İŞLEMİ	FATİH	2016
1899	EMEK İŞ HANI	DIŞ CEPHE MANTOLAMA İŞLEMİ	MECİDİYEKÖY	2016
1900	GÜLAN SİT. A BL.	DIŞ CEPHE MANTOLAMA İŞLEMİ	ETİLER	2016
1901	AKASYA SİTESİ	4 BLOK ÇATI YALITIM İŞLEMİ	ORTAKÖY	2016
1902	ERCAN APT.	DIŞ CEPHE MANTOLAMA İŞLEMİ	MECİDİYEKÖY	2016
1903	BOĞAZİÇİ SİT. 5. BL.	DIŞ CEPHE MANTOLAMA İŞLEMİ	ULUS	2016
1904	ŞEHİTLER CAD. NO:6 	DIŞ CEPHE MANTOLAMA İŞLEMİ	TUZLA	2016
1905	İŞBANK. SİT.  A6 BL.	DIŞ CEPHE ONARIM VE BOYA İŞLEMİ	ACIBADEM	2016
1906	DİZMAN APT.	DIŞ CEPHE MANTOLAMA İŞLEMİ	ETİLER	2016
1907	NİL APT.	DIŞ CEPHE MANTOLAMA İŞLEMİ	FENERYOLU	2016
1908	ORHAN PALAS APT.	DIŞ CEPHE MANTOLAMA İŞLEMİ	BALMUMCU	2016
1909	TUNA APT.	DIŞ CEPHE MANTOLAMA İŞLEMİ	BAHÇELİEVLER	2016
1910	MÜGE BLOKLARI	DIŞ CEPHE MANTOLAMA İŞLEMİ	FATİH	2016
1911	BÜYÜK BEŞİKTAŞ ÇARŞISI	DIŞ CEPHE FİLELİ SIVA, İÇ CEPHE BOYA İŞLEMİ	BEŞİKTAŞ	2016
1912	KANTARCIOĞLU APT.	DIŞ CEPHE MANTOLAMA İŞLEMİ	YILDIZ	2016
1913	BAĞ APT.	DIŞ CEPHE MANTOLAMA İŞLEMİ	GÜMÜŞSUYU	2016
1914	MEDİKO SİT. HIGGINS	DIŞ CEPHE MANTOLAMA VE ÇATI YALITIM İŞLEMİ	ORTAKÖY	2016
1915	MAÇKA APT.	DIŞ CEPHE MANTOLAMA İŞLEMİ	LEVENT	2016
1916	SAADET APT.	DIŞ CEPHE MANTOLAMA İŞLEMİ	MECİDİYEKÖY	2016
1917	UYGAR APT.	DIŞ CEPHE MANTOLAMA İŞLEMİ	HARBİYE	2016
1918	KAPICIOĞLU 34 APT.	DIŞ CEPHE MANTOLAMA İŞLEMİ	TARABYA	2016
1919	İRFAN KOLEJİ	DIŞ CEPHE MANTOLAMA İŞLEMİ	ÜSKÜDAR	2016
1920	F. KALKAVAN APT.	DIŞ CEPHE MANTOLAMA İŞLEMİ	YILDIZ	2016
1921	PARK APT.	DIŞ CEPHE MANTOLAMA İŞLEMİ	MAÇKA	2016
1922	6. GZT. SİT. B3 BL.	DIŞ CEPHE MANTOLAMA İŞLEMİ	AKATLAR	2016
1923	ŞEHMEN APT.	DIŞ CEPHE MANTOLAMA İŞLEMİ	BEBEK	2016
1924	BİZİM APT.	DIŞ CEPHE MANTOLAMA İŞLEMİ	TEŞVİKİYE	2016
1925	GÖRKEM APT.	ÇATI YALITIM İŞLEMİ	MODA	2016
1926	DERYA APT.	DIŞ CEPHE MANTOLAMA İŞLEMİ	AKARETLER	2016
1927	KALE APT.	DIŞ CEPHE MANTOLAMA İŞLEMİ	RUMELİHİSARI	2016
1928	KAPICIOĞLU 36 APT.	DIŞ CEPHE MANTOLAMA İŞLEMİ	TARABYA	2016
1929	BOLU APT.	DIŞ CEPHE MANTOLAMA İŞLEMİ	GÜMÜŞSUYU	2016
1930	BASIN DOĞA SİT.	DRENAJ VE ZEMİN YALITIM İŞLEMİ	BEYLİKDÜZÜ	2016
1931	SANDALCI MECİT NO:13	DIŞ CEPHE MANTOLAMA İŞLEMİ	ORTAKÖY	2016
1932	SAADET APT.	ÇATI YALITIM İŞLEMİ	ŞİŞLİ	2016
1933	HAMSON APT.	DIŞ CEPHE ONARIM VE BOYA İŞLEMİ	BEYOĞLU	2016
1934	İTÜ TAŞ EV BİNASI	DIŞ CEPHE ONARIM, BOYA VE ÇATI YALITIM İŞLEMİ	AYAZAĞA	2016
1935	ONLAR APT.	DIŞ CEPHE MANTOLAMA VE ÇATI YALITIM İŞLEMİ	ETİLER	2016
1936	YUVA 6 APT.	DIŞ CEPHE MANTOLAMA İŞLEMİ	GAYRETTEPE	2016
1937	GÖKER APT.	DIŞ CEPHE MANTOLAMA VE ÇATI YALITIM İŞLEMİ	YILDIZ	2016
1938	AHSEN APT.	ÇATI YALITIM İŞLEMİ	TARABYA	2016
1939	ÇAKMAK 15 APT.	DIŞ CEPHE MANTOLAMA İŞLEMİ	GÜLTEPE	2016
1940	ÇAĞ APT.	DIŞ CEPHE MANTOLAMA İŞLEMİ	MECİDİYEKÖY	2016
1941	KENAN APT.	DIŞ CEPHE MANTOLAMA İŞLEMİ	ÜSKÜDAR	2016
1942	KABİL APT.	DIŞ CEPHE MANTOLAMA İŞLEMİ	YENİKÖY	2016
1943	EVKUR-AKYILDIZ APT.	DIŞ CEPHE MANTOLAMA İŞLEMİ	ŞİŞLİ	2016
1944	ÖZPINAR APT.	DIŞ CEPHE MANTOLAMA İŞLEMİ	DİKİLİTAŞ	2016
1945	PERLETTİ AŞ.	TERAS YALITIMI İŞLEMİ	ŞİŞLİ	2016
1946	VİLLA CENGİZ BALİ	DIŞ CEPHE MANTOLAMA VE ÇATI YALITIM İŞLEMİ	ZEKERİYAKÖY	2016
1947	BALIKLI APT.	DIŞ CEPHE MANTOLAMA VE ÇATI YALITIM İŞLEMİ	MAÇKA	2016
1948	PROFLEKS AŞ. BİNASI	TERAS YALITIM VE DRENAJ İŞLEMİ	GEBZE	2016
1949	BEYAZFIRIN ETİLER	DIŞ CEPHE MANTOLAMA İŞLEMİ	ETİLER	2016
1950	TELLİOĞLU APT.	DIŞ CEPHE ONARIM, GÜÇLENDİRME VE BOYA İŞLEMİ	FENERYOLU	2016
1951	BOĞAZİÇİ APT.	DIŞ CEPHE MANTOLAMA İŞLEMİ	ULUS	2017
1952	BEYAZLAR APT.	DIŞ CEPHE MANTOLAMA İŞLEMİ	BAKIRKÖY	2017
1953	ALKENT PETUNYA 3	ÇATI YALITIM İŞLEMİ	ETİLER	2017
1954	KURAY APT.	DIŞ CEPHE ONARIM VE BOYA İŞLEMİ	GÜMÜŞSUYU	2017
1955	KORU APT.	DIŞ CEPHE FİLELİ SIVA VE ÇATI YALITIM İŞLEMİ	TEŞVİKİYE	2017
1956	GÜNEŞ APT.	DIŞ CEPHE MANTOLAMA İŞLEMİ	PENDİK	2017
1957	KESTANE 9 APT.	DIŞ CEPHE MANTOLAMA İŞLEMİ	EMİRGAN	2017
1958	KÖŞEM APT.	DIŞ CEPHE MANTOLAMA İŞLEMİ	BAHÇELİEVLER	2017
1959	ZEKİBEY APT.	DIŞ CEPHE MANTOLAMA İŞLEMİ	OSMANBEY	2017
1960	FİGEN APT.	DIŞ CEPHE MANTOLAMA İŞLEMİ	ORTAKLAR	2017
1961	FERAH APT.	DIŞ CEPHE MANTOLAMA İŞLEMİ	MAÇKA	2017
1962	SEMA APT.	DIŞ CEPHE MANTOLAMA VE ÇATI YALITIM İŞLEMİ	NİŞANTAŞI	2017
1963	MARMARA APT.	DIŞ CEPHE MANTOLAMA İŞLEMİ	NİŞANTAŞI	2017
1964	YELKEN APT.	DIŞ CEPHE FİLELİ SIVA İŞLEMİ	FENERBAHÇE	2017
1965	TÜRKMENOĞLU APT.	DIŞ CEPHE MANTOLAMA VE ÇATI YALITIM İŞLEMİ	KİREÇBURNU	2017
1966	KATİBİM APT.	DIŞ CEPHE MANTOLAMA İŞLEMİ	ÜSKÜDAR	2017
1967	EVRİM APT.	DIŞ CEPHE MANTOLAMA İŞLEMİ	GAYRETTEPE	2017
1968	ARTUS APT.	DIŞ CEPHE MANTOLAMA İŞLEMİ	ULUS	2017
1969	YEŞİLTAŞ APT.	DIŞ CEPHE MANTOLAMA İŞLEMİ	TEŞVİKİYE	2017
1970	EMRAH APT.	ÇATI YALITIM İŞLEMİ	ÜSKÜDAR	2017
1971	ERDEMİR APT.	DIŞ CEPHE MANTOLAMA İŞLEMİ	KURTULUŞ	2017
1972	EKER APT.	DIŞ CEPHE MANTOLAMA İŞLEMİ	ORTAKÖY	2017
1973	CEMALBEY APT.	DIŞ CEPHE FİLELİ SIVA VE ÇATI YALITIM İŞLEMİ	ÇİFTEHAVUZLAR	2017
1974	DAVAZ APT.	DIŞ CEPHE FİLELİ SIVA İŞLEMİ	NİŞANTAŞI	2017
1975	AK APT.	DIŞ CEPHE MANTOLAMA, ÇATI VE TERAS YALITIM İŞL	MODA	2017
1976	AHMET TURAN APT.	ÇATI YALITIM İŞLEMİ	KOZYATAĞI	2017
1977	DOSTLAR APT.	DIŞ CEPHE MANTOLAMA İŞLEMİ	FULYA	2017
1978	ARKEM VİLALARI	DIŞ CEPHE MANTOLAMA İŞLEMİ	ZEKERİYAKÖY	2017
1979	BEREKETOĞLU APT.	DIŞ CEPHE MANTOLAMA İŞLEMİ	ERENKÖY	2017
1980	YÜKSEL APT.	DIŞ CEPHE MANTOLAMA İŞLEMİ	KURTULUŞ	2017
1981	MAYA SİT. G BL.	DIŞ CEPHE ONARIM, BOYA VE ÇATI YALITIM İŞLEMİ	AKATLAR	2017
1982	MAYA SİT. S BL.	ÇATI YALITIM İŞLEMİ	AKATLAR	2017
1983	EKİN APT.	DIŞ CEPHE MANTOLAMA İŞLEMİ	TEŞVİKİYE	2017
1984	İSVİÇRE KONSOLOSLUĞU BİNASI	DIŞ CEPHE MANTOLAMA İŞLEMİ	LEVENT	2017
1985	TANOVA SİT. 4'LÜ BL.	DIŞ CEPHE FİLELİ SIVA İŞLEMİ 	ETİLER	2017
1986	ÖZLEN APT.	DIŞ CEPHE MANTOLAMA İŞLEMİ	GÜMÜŞSUYU	2017
1987	ÖZDİLEK APT.	DIŞ CEPHE MANTOLAMA İŞLEMİ	ULUS	2017
1988	ATA APT.	DIŞ CEPHE MANTOLAMA, ÇATI VE TERAS YALITIM İŞL	BEBEK	2017
1989	OYAK SİT. 39. BL.	DIŞ CEPHE ONARIM, BOYA VE ÇATI YALITIM İŞLEMİ	YENİLEVENT	2017
1990	FUNDA APT.	DIŞ CEPHE MANTOLAMA İŞLEMİ	FULYA	2017
1991	URAS APT.	DIŞ CEPHE FİLELİ SIVA İŞLEMİ	DİKİLİTAŞ	2017
1992	RAHİM APT.	ÇATI YALITIM İŞLEMİ	FULYA	2017
1993	AYDIN KONAK APT.	ÇATI YALITIM İŞLEMİ	ULUS	2017
1994	Ş. ŞAŞMAZ APT.	DIŞ CEPHE ONARIM, BOYA, ÇATI VE TERAS YALITIMI	ŞİŞLİ	2017
1995	MİM KONAK APT.	ÇATI YALITIMI	ORTAKÖY	2017
1996	SABIR SİTESİ	DIŞ CEPHE FİLELİ SIVA İŞLEMİ	GAYRETTEPE	2017
1997	BAUSAN ÇİĞDEM APT. 	DIŞ CEPHE MANTOLAMA VE ÇATI YALITIM İŞLEMİ	ZEYTİNBURNU	2017
1998	BAUSAN EREN APT.	DIŞ CEPHE MANTOLAMA VE ÇATI YALITIM İŞLEMİ	ZEYTİNBURNU	2017
1999	REŞİT ŞAHİN APT.	ÇATI YALITIM İŞLEMİ	NİŞANTAŞI	2017
2000	DEMİR APT.	DIŞ CEPHE MANTOLAMA İŞLEMİ	FULYA	2017
2001	BALIKLI APT.	DIŞ CEPHE ONARIM, BOYA VE YENİ ÇATI YAPIM İŞL.	MAÇKA	2017
2002	ORAL APT.	DIŞ CEPHE MANTOLAMA VE ÇATI YALITIM İŞLEMİ	BEBEK	2017
2003	ALARA APT.	DIŞ CEPHE FİLELİ SIVA İŞLEMİ	ULUS	2017
2004	GÜLTEKİN APT.	DIŞ CEPHE MANTOLAMA İŞLEMİ	MECİDİYEKÖY	2017
2005	BEYAZKENT APT.	DIŞ CEPHE ONARIM, BOYA VE ÇATI YALITIM İŞLEMİ	ULUS	2017
2006	MİTHAT TEKSTİL 	DIŞ CEPHE MANTOLAMA İŞLEMİ	ŞİŞLİ	2017
2007	YAĞCILAR SİT.	DIŞ CEPHE FİLELİ SIVA İŞLEMİ	BEYLERBEYİ	2017
2008	YILDIZ APT.	ÇATI YALITIM İŞLEMİ	ETİLER	2017
2009	BOĞAZİÇİ SİT. 5. BL.	DIŞ CEPHE ONARIM, BOYA VE ÇATI YALITIM İŞLEMİ	ULUS	2017
2010	YILDIRIM APT.	DIŞ CEPHE ONARIM, BOYA VE ÇATI YALITIM İŞLEMİ	ESENTEPE	2017
2011	SARAL İŞ MERKEZİ	DIŞ CEPHE ONARIM VE BOYA İŞLEMİ	GAYRETTEPE	2017
2012	HUKUKÇULAR SİT.	DIŞ CEPHE MANTOLAMA İŞLEMİ	M.KÖY	2017
2013	FULYALI SİT.	DIŞ CEPHE ONARIM VE BOYA İŞLEMİ	GAYRETTEPE	2017
2014	KEMER APT.	DIŞ CEPHE FİLELİ SIVA İŞLEMİ	AKATLAR	2017
2015	CİHANGİR APT.	DIŞ CEPHE ONARIM, BOYA VE ÇATI YALITIM İŞLEMİ	CİHANGİR	2017
2016	HAYAL APT.	DIŞ CEPHE FİLELİ SIVA İŞLEMİ	ŞİŞLİ	2017
2017	DİLEK APT.	DIŞ CEPHE ONARIM VE BOYA İŞLEMİ	ŞİŞLİ	2017
2018	PARKMAYA ASTOR 16 	DIŞ CEPHE FİLELİ SIVA VE ÇATI YALITIM İŞLEMİ	AKATLAR	2017
2019	BAŞARAN APT.	DIŞ CEPHE ONARIM VE BOYA İŞLEMİ	BEBEK	2017
2020	PARKMAYA ASTOR 1	ÇATI YALITIM İŞLEMİ	AKATLAR	2017
2021	PARKMAYA BERKLEY	ÇATI YALITIM İŞLEMİ	AKATLAR	2017
2022	YILDIZ SİT. A BL.	DIŞ CEPHE FİLELİ SIVA İŞLEMİ	GAYRETTEPE	2017
2023	KANTAŞI APT.	DIŞ CEPHE FİLELİ SIVA İŞLEMİ	MECİDİYEKÖY	2017
2024	YASEMİN KONAKLARI	DIŞ CEPHE MANTOLAMA İŞLEMİ	BAHÇELİEVLER	2017
2025	ALTUNİZADE SİT. D BL.	DIŞ CEPHE MANTOLAMA VE ÇATI YALITIM İŞLEMİ	ALTUNİZADE	2017
2026	BAŞAK APT.	DIŞ CEPHE FİLELİ SIVA İŞLEMİ	ULUS	2017
2027	ALTUNİZADE SİT. E BL.	DIŞ CEPHE MANTOLAMA VE ÇATI YALITIM İŞLEMİ	ALTUNİZADE	2017
2028	ALTUNİZADE SİT. F BL.	DIŞ CEPHE MANTOLAMA İŞLEMİ	ALTUNİZADE	2017
2029	ALTUNİZADE SİT. C BL.	DIŞ CEPHE MANTOLAMA İŞLEMİ	ALTUNİZADE	2017
2030	ALTUNİZADE SİT. A BL.	DIŞ CEPHE MANTOLAMA İŞLEMİ	ALTUNİZADE	2017
2031	GÜR APT.	DIŞ CEPHE FİLELİ SIVA İŞLEMİ	ŞİŞLİ	2017
2032	ÖZKAN APT.	DIŞ CEPHE FİLELİ SIVA İŞLEMİ	KURTULUŞ	2017
2033	FULYA  APT.	DIŞ CEPHE FİLELİ SIVA İŞLEMİ	ETİLER	2018
2034	ERTUĞRUL SİT. 127-129	DIŞ CEPHE FİLELİ SIVA İŞLEMİ	BEŞİKTAŞ	2018
2035	BÜYÜKHANLI SİT. D-E	DIŞ CEPHE FİLELİ SIVA İŞLEMİ	LEVENT	2018
2036	GÖZDE APT.	ÇATI YALITIM İŞLEMİ	KURTULUŞ	2018
2037	MERİÇ İNŞAAT	DIŞ CEPHE ONARIM VE BOYA İŞLEMİ	ŞİŞLİ	2018
2038	4. GZT. SİT. B16 BL.	ÇATI YALITIM İŞLEMİ	AKATLAR	2018
2039	BOĞAZİÇİ SİT. 6-7.BL.	ÇATI YALITIM İŞLEMİ	ULUS	2018
2040	KAÇALAY APT.	DIŞ CEPHE ONARIM VE BOYA İŞLEMİ	MODA	2018
2041	AKALIN APT.	DIŞ CEPHE FİLELİ SIVA İŞLEMİ	MECİDİYEKÖY	2018
2042	MANOLYA APT.	DIŞ CEPHE FİLELİ SIVA İŞLEMİ	YEŞİLYURT	2018
2043	GÜRLER APT.	DIŞ CEPHE MANTOLAMA İŞLEMİ	KADIKÖY	2018
2044	BOĞAZİÇİ SİT. 2. BL.	DIŞ CEPHE MANTOLAMA VE ÇATI YALITIM İŞLEMİ	ULUS	2018
2045	HACIOSMANOĞLU APT.	DIŞ CEPHE MANTOLAMA İŞLEMİ	BEŞİKTAŞ	2018
2046	B. HENDEK NO:7 APT.	DIŞ CEPHE FİLELİ SIVA İŞLEMİ	KULEDİBİ	2018
2047	İŞBANK KULEDİBİ ŞB.	DIŞ CEPHE MANTOLAMA İŞLEMİ	KULEDİBİ 	2018
2048	ZERİN APT.	DIŞ CEPHE FİLELİ SIVA İŞLEMİ	LEVENT	2018
2049	TUĞRUL APT.	DIŞ CEPHE MANTOLAMA İŞLEMİ	NİŞANTAŞI	2018
2050	ÇİFTÇİLER APT.	DIŞ CEPHE FİLELİ SIVA İŞLEMİ	NİŞANTAŞI	2018
2051	KIR APT.	DIŞ CEPHE MANTOLAMA İŞLEMİ	ULUS	2018
2052	TURİZM SİT. 2. BL.	DIŞ CEPHE MANTOLAMA İŞLEMİ	ULUS	2018
2053	DURSUN POLAT APT.	ÇATI YALITIM İŞLEMİ	MECİDİYEKÖY	2018
2054	GÜNGÖR APT.	DIŞ CEPHE MANTOLAMA İŞLEMİ	KASIMPAŞA	2018
2055	DAĞ APT.	DIŞ CEPHE FİLELİ SIVA İŞLEMİ	ULUS	2018
2056	GÖKHAN APT.	DIŞ CEPHE MANTOLAMA İŞLEMİ	GAYRETTEPE	2018
2057	MİMARLAR APT.	DIŞ CEPHE FİLELİ SIVA İŞLEMİ	MECİDİYEKÖY	2018
2058	TİMSAL APT.	DIŞ CEPHE FİLELİ SIVA İŞLEMİ	NİŞANTAŞI	2018
2059	PETEK APT.	DIŞ CEPHE MANTOLAMA İŞLEMİ	YEŞİLYURT	2018
2060	GÜNAYDIN APT.	DIŞ CEPHE FİLELİ SIVA İŞLEMİ	TOPAĞACI	2018
2061	METİN APT.	DIŞ CEPHE MANTOLAMA İŞLEMİ	ŞİŞLİ	2018
2062	AYDIN İŞ MERKEZİ	DIŞ CEPHE MANTOLAMA İŞLEMİ	LEVENT	2018
2063	TULÇA APT.	DIŞ CEPHE MANTOLAMA İŞLEMİ	BEBEK	2018
2064	KENT APT. A-B BL.	ÇATI YALITIM İŞLEMİ	ŞİŞLİ	2018
2065	SOYLU APT.	DIŞ CEPHE MANTOLAMA İŞLEMİ	KURTULUŞ	2018
2066	MİM KEMAL APT.	DIŞ CEPHE MANTOLAMA İŞLEMİ	NİŞANTAŞI	2018
2067	LEZGİ APT.	DIŞ CEPHE FİLELİ SIVA İŞLEMİ	SUADİYE	2018
2068	GÖNÜL APT.	DIŞ CEPHE MANTOLAMA İŞLEMİ	ŞİŞLİ	2018
2069	KANTARCIOĞLU APT.	ÇATI YALITIM İŞLEMİ	YILDIZ	2018
2070	REŞİT ŞAHİN APT.	DIŞ CEPHE MERMER VE FİLELİ SIVA İŞLEMİ	TOPAĞACI	2018
2071	DEFNE APT.	DIŞ CEPHE MANTOLAMA, ÇATI VE TERAS YALITIM İŞL	ETİLER	2018
2072	AKASYA APT.	ÇATI YALITIM İŞLEMİ	ETİLER	2018
2073	SARI KONAKLAR SİTESİ	23 BL. DIŞ CEPHE FİLELİ SIVA İŞLEMİ	ETİLER	2018
2074	ARKHEON SİTESİ	12 BL. DIŞ CEPHE ONARIM, BOYA VE KOMPOZİT İŞL.	ULUS	2018
2075	SOYTEZ SİTESİ	2 BL. DIŞ CEPHE MANTOLAMA İŞLEMİ	BEYKOZ	2018
2076	BARLAS APT.	DIŞ CEPHE MANTOLAMA İŞLEMİ	ORTAKLAR	2018
2077	ŞAHİNGİRAY APT.	DIŞ CEPHE MANTOLAMA İŞLEMİ	MECİDİYEKÖY	2018
2078	SARAL APT.	DIŞ CEPHE FİLELİ SIVA İŞLEMİ	GAYRETTEPE	2018
2079	ÇAK - SEVAL APT.	DIŞ CEPHE MANTOLAMA İŞLEMİ	KURTULUŞ	2018
2080	HANEDAN APT.	DIŞ CEPHE FİLELİ SIVA İŞLEMİ	SUADİYE	2018
2081	MUTLU APT.	DIŞ CEPHE MANTOLAMA İŞLEMİ	ORTAKLAR	2018
2082	PARKMAYA BARCLAY	DIŞ CEPHE FİLELİ SIVA VE PEYSAJ İŞLEMİ	AKATLAR	2018
2083	TUNGA APT.	DIŞ CEPHE FİLELİ SIVA İŞLEMİ	NİŞANTAŞI	2018
2084	BİRLİK APT.	DIŞ CEPHE MANTOLAMA İŞLEMİ	NİŞANTAŞI	2018
2085	GÜÇER APT.	DIŞ CEPHE MANTOLAMA VE KOMPOZİT KAPLAMA İŞL	NİŞANTAŞI	2018
2086	KRK HOLDİNG	ZEMİN EPOXY VE PEYSAJ İŞLEMİ	GAYRETTEPE	2018
2087	UYGAR APT.	ÇATI YALITIM İŞLEMİ	HARBİYE	2018
2088	POLAT APT.	DIŞ CEPHE MERMER SÖKÜM VE MANTOLAMA İŞLEMİ	NİŞANTAŞI	2018
2089	US ULUS KOLEJİ BİNASI 	DIŞ CEPHE MANTOLAMA VE ÇATI YALITIM İŞLEMİ	REŞİTPAŞA	2019
2090	HAYRİŞ APT.	DIŞ CEPHE MANTOLAMA İŞLEMİ	ŞİŞLİ	2019
2091	ZİYA APT.	DIŞ CEPHE MANTOLAMA İŞLEMİ	FATİH	2019
2092	HUZUR APT.	DIŞ CEPHE MANTOLAMA VE ÇATI YALITIM İŞLEMİ	ORTAKÖY	2019
2093	ERENER APT.	DIŞ CEPHE MANTOLAMA İŞLEMİ	BEBEK	2019
2094	MURAT APT.	DIŞ CEPHE MANTOLAMA İŞLEMİ	ŞİŞLİ	2019
2095	DÖNÜM SOK. NO:25 	DIŞ CEPHE MANTOLAMA VE ÇATI YALITIM İŞLEMİ	EMİRGAN	2019
2096	PARKMAYA BARCLAY 20	DIŞ CEPHE FİLELİ SIVA İŞLEMİ	AKATLAR	2019
2097	ARDIÇ SOK. NO:15	DIŞ CEPHE MANTOLAMA İŞLEMİ	NURTEPE	2019
2098	ADA APT. -  KENT APT.	DIŞ CEPHE FİLELİ SIVA İŞLEMİ	AKATLAR	2019
2099	HANIMEFENDİ APT.	DIŞ, İÇ CEPHE ONARIM VE BOYA İŞLEMİ	BEŞİKTAŞ	2019
2100	GÜNEŞ APT.	DIŞ CEPHE MANTOLAMA İŞLEMİ	KURTULUŞ	2019
2101	ZÜMRÜT PALAS APT.	DIŞ CEPHE MERMER VE ÇATI YALITIM İŞLEMİ	VALİDEÇEŞME	2019
2102	PETEK SİT. C BL.	DIŞ CEPHE FİLELİ SIVA İŞLEMİ	GAYRETTEPE	2019
2103	PETEK SİT. D BL.	DIŞ CEPHE FİLELİ SIVA İŞLEMİ	GAYRETTEPE	2019
2104	MOBİL SİTESİ	DIŞ CEPHE FİLELİ SIVA İŞLEMİ	GAYRETTEPE	2019
2105	TARABYA KONAKLARI	10 BLOK DIŞ CEPHE FİLELİ SIVA İŞLEMİ	TARABYA	2019
2106	VALİKONAĞI PLAZA	DIŞ CEPHE FİLELİ SIVA İŞLEMİ	NİŞANTAŞI	2019
2107	BİRLİK APT.	ÇATI YALITIM, BODRUM YALITIM VE KAPLAMA İŞL.	NİŞANTAŞI	2019
2108	HALİL ŞENER APT.	DIŞ CEPHE MANTOLAMA İŞLEMİ	KAVACIK	2019
2109	ÇORUH APT.	DIŞ CEPHE FİLELİ SIVA VE YENİ ÇATI YAPIM İŞLEMİ	BEBEK	2019
2110	ATA APT.	DIŞ CEPHE MANTOLAMA İŞLEMİ	CİHANGİR	2019
2111	GAYE APT.	ÇATI YALITIM İŞLEMİ	BEBEK	2019
2112	ŞHT. TĞM. İBRAHİM NACİ NO:1	DIŞ CEPHE MANTOLAMA İŞLEMİ	EMİRGAN	2019
2113	MÜMTAZ DEMİR BİNASI	DIŞ CEPHE MANTOLAMA İŞLEMİ	TARABYA	2019
2114	AYCİBİN KONAK APT.	DIŞ CEPHE MANTOLAMA İŞLEMİ	GAYRETTEPE	2019
2115	AYCİBİN SARAY APT.	DIŞ CEPHE MANTOLAMA İŞLEMİ	GAYRETTEPE	2019
2116	ALİ KAMİL APT.	DIŞ CEPHE MANTOLAMA VE İÇ CEPHE BOYA İŞLEMİ	NİŞANTAŞI	2019
2117	ÜNSAL KARAHAN SİT.	BAHÇE, OTOPARK YALITIM VE KAPLAMA İŞLEMİ	NİŞANTAŞI	2019
2118	CEVHER 6 APT.	DIŞ CEPHE FİLELİ SIVA İŞLEMİ	ETİLER	2019
2119	URAS APT.	ÇATI VE TERAS YALITIM İŞLEMİ	FATİH	2019
2120	HAYRİYE 4 APT.	ÇATI YALITIM İŞLEMİ	GAYRETTEPE	2019
2121	TELLİOĞLU APT.	DIŞ CEPHE MANTOLAMA İŞLEMİ	ŞİŞLİ	2019
2122	MAYA SİT. G BL. 	DIŞ CEPHE GÜÇLENDİRME İŞLEMİ	AKATLAR	2019
2123	METİN APT.	ÇATI YALITIM İŞLEMİ	ŞİŞLİ	2019
2124	SELEK APT.	DIŞ CEPHE FİLELİ SIVA İŞLEMİ	NİŞANTAŞI	2019
2125	NERİME RIZA APT.	DIŞ CEPHE MANTOLAMA İŞLEMİ	NİŞANTAŞI	2019
2126	DEVRAN APT.	DIŞ CEPHE MANTOLAMA İŞLEMİ	ETİLER	2019
2127	İLGEN APT.	DIŞ CEPHE FİLELİ SIVA İŞLEMİ	NİŞANTAŞI	2019
2128	SUPHİYE HN. APT.	DIŞ CEPHE MANTOLAMA İŞLEMİ	ERENKÖY	2019
2129	MEYDAN APT.	DIŞ CEPHE ONARIM BOYA İŞLEMİ	DİKİLİTAŞ	2019
2130	BOYNER PALAS APT.	DIŞ CEPHE FİLELİ SIVA İŞLEMİ	BEBEK	2019
2131	KORU - GÜVEN APT.	DIŞ CEPHE MANTOLAMA İŞLEMİ	TEŞVİKİYE	2019
2132	SÜLÜN APT.	DIŞ CEPHE MANTOLAMA İŞLEMİ	ORTAKÖY	2019
2133	VEHBİBEY APT.	DIŞ CEPHE RESTORASYON VE BOYA İŞLEMİ	NİŞANTAŞI	2019
2134	DURSUN APT.	DIŞ CEPHE MANTOLAMA İŞLEMİ	NİŞANTAŞI	2019
2135	MEMORİAL HASTANESİ	3 BLOK DIŞ CEPHE MANTOLAMA İŞLEMİ	ŞİŞLİ	2019
2136	FALEZ KONAKLARI	YALITIM VE ATIK SU TESİSAT İŞLEMİ	YEŞİLKÖY	2019
2137	BELER PALAS APT.	DIŞ CEPHE ONARIM BOYA İŞLEMİ	CİHANGİR	2019
2138	YILANLI YALI	OTOPARK YENİLEME VE ATIK SU TESİSAT İŞLEMİ	BEBEK	2019
2139	DEREBOYU CAD. NO:71	ÇATI YALITIM VE İÇ BOYA İŞLEMİ	ORTAKÖY	2019
2140	EKSELSİYOR APT. 	DIŞ CEPHE RESTORASYON VE BOYA İŞLEMİ	GÜMÜŞSUYU	2020
2141	ERDOĞAN BEY APT. 	DIŞ CEPHE MANTOLAMA İŞLEMİ	FLORYA	2020
2142	ARBATLI APT. 	DIŞ CEPHE RESTORASYON VE BOYA İŞLEMİ	CİHANGİR	2020
2143	FALEZ KONAKLARI	DRENAJ VE ATIK SU TESİSAT İŞLEMİ	YEŞİLKÖY	2020
2144	GÖKÇE İNŞAAT BİNASI 	DIŞ CEPHE MANTOLAMA İŞLEMİ	KUMBURGAZ	2020
2145	ŞEHMİNUR AYDIN VİLLASI	DIŞ CEPHE MANTOLAMA İŞLEMİ	KANDİLLİ	2020
2146	SU APT. 	DIŞ CEPHE MANTOLAMA İŞLEMİ	MAÇKA	2020
2147	EMEK APT. 	DIŞ CEPHE MANTOLAMA İŞLEMİ	BEBEK	2020
2148	BURÇ APT.	DIŞ CEPHE ONARIM VE BOYA İŞLEMİ	LEVENT	2020
2149	SOYDAN APT.	DIŞ CEPHE RESTORASYON VE BOYA İŞLEMİ	ORTAKÖY	2020
2150	ÖZLEM APT. 	DIŞ CEPHE FİLELİ SIVA İŞLEMİ	AKATLAR	2020
2151	TEPE APT.	DIŞ CEPHE RESTORASYON VE BOYA İŞLEMİ	KURTULUŞ	2020
2152	MİLAS APT.	DIŞ CEPHE MANTOLAMA VE ÇATI YALITIM İŞLEMİ	NİŞANTAŞI	2020
2153	DENİZ APT. 	DIŞ CEPHE MANTOLAMA İŞLEMİ	BEBEK	2020
2154	YÜCELER APT. 	DIŞ CEPHE FİLELİ SIVA İŞLEMİ	BAKIRKÖY	2020
2155	TEKELİ APT. 	DIŞ CEPHE MANTOLAMA İŞLEMİ	BEŞİKTAŞ	2020
2156	YEŞİL APT. 	DIŞ CEPHE MANTOLAMA İŞLEMİ	BEYLERBEYİ	2020
2157	BİRLİK APT.	DIŞ CEPHE RESTORASYON VE BOYA İŞLEMİ	OSMANBEY	2020
2158	UĞUR APT. 	DIŞ CEPHE MANTOLAMA İŞLEMİ	LEVENT	2020
2159	UFUK APT. 	DIŞ CEPHE MANTOLAMA İŞLEMİ	LEVENT	2020
2160	DİDEM APT.	DIŞ CEPHE ONARIM VE BOYA İŞLEMİ	GÜMÜŞSUYU	2020
2161	PEKCAN APT.	YENİ ÇATI YAPIM İŞLEMİ	SUADİYE	2020
2162	BOĞAZİÇİ APT. 	DIŞ CEPHE FİLELİ SIVA İŞLEMİ	BEBEK	2020
2163	BAŞAR APT. 	DIŞ CEPHE MANTOLAMA İŞLEMİ	TARABYA	2020
2164	ALKENT AKASYA 4 	DIŞ CEPHE MANTOLAMA İŞLEMİ	ETİLER	2020
2165	EMEK APT. 	DIŞ CEPHE MANTOLAMA VE GÜÇLENDİRME İŞLEMİ	TOPAĞACI	2020
2166	ADA APT. 	DIŞ CEPHE ONARIM VE BOYA İŞLEMİ	NİŞANTAŞI	2020
2167	DOĞAKENT LEYLAK APT.	DIŞ CEPHE ONARIM, BOYA VE DRENAJ İŞLEMİ	ULUS	2020
2168	YALIBOYU APT. 	DIŞ CEPHE MANTOLAMA İŞLEMİ	BEYLERBEYİ	2020
2169	UĞUR APT. 	DIŞ CEPHE MANTOLAMA VE TERAS YALITIM İŞLEMİ	MODA	2020
2170	MUZAFFER APT. 	DIŞ CEPHE ONARIM VE BOYA İŞLEMİ	BEŞİKTAŞ	2020
2171	ETİLER APT. 	TERAS  YALITIM İŞLEMİ	ETİLER	2020
2172	MURAT APT. 	DIŞ CEPHE MANTOLAMA İŞLEMİ	GAYRETTEPE	2020
2173	PİRELLİ APT. 	DIŞ CEPHE FİLELİ SIVA İŞLEMİ	4. LEVENT	2020
2174	DERYA APT. 	YENİ ÇATI YAPIM İŞLEMİ	VALİDEÇEŞME	2020
2175	KORUKENT SİT. A BL. 	DIŞ CEPHE FİLELİ SIVA İŞLEMİ	LEVAZIM	2020
2176	MEMORİAL HİZMET HASTANESİ	DIŞ CEPHE MANTOLAMA İŞLEMİ	BAHÇELİEVLER	2020
2177	TÜRKSAN SİT. 6. BL. 	DIŞ CEPHE FİLELİ SIVA İŞLEMİ	ETİLER	2020
2178	BOSFOR APT. 	DIŞ CEPHE MANTOLAMA İŞLEMİ	GÜMÜŞSUYU	2020
2179	ZEKİPAŞA APT. 	ÇATI YALITIM İŞLEMİ	TEŞVİKİYE	2020
2180	ÖZLEM APT. 	DIŞ CEPHE ONARIM VE BOYA İŞLEMİ	ULUS	2021
2181	ARCADE OTEL BİNASI	DIŞ CEPHE RESTORASYON VE BOYA İŞLEMİ	OSMANBEY	2021
2182	YILDIZ EVİ BİNASI	DIŞ CEPHE MANTOLAMA İŞLEMİ	KEMERBURGAZ	2021
2183	AYCİBİN APT.	ÇATI YALITIM İŞLEMİ	GAYRETTEPE	2021
2184	AĞAOĞLU MY TOWN A2	DIŞ CEPHE MANTOLAMA VE DRENAJ İŞLEMİ	ISPARTAKULE	2021
2185	PROF. CİHAN URAS BİNASI	DIŞ CEPHE MANTOLAMA İŞLEMİ	BÜYÜKDERE	2021
2186	AKSAY APT.	DIŞ CEPHE FİLELİ SIVA İŞLEMİ	BEŞİKTAŞ	2021
2187	YEŞİLLİ APT.	DIŞ CEPHE MANTOLAMA VE TERAS YALITIMİŞLEMİ	ŞİŞLİ	2021
2188	DR. CENGİZ BALİ VİLLASI	DIŞ CEPHE MANTOLAMA İŞLEMİ	ZEKERİYAKÖY	2021
2189	GÜLDESTE 2  APT.	DIŞ CEPHE MANTOLAMA İŞLEMİ	AKATLAR	2021
2190	TUNÇ APT.	DIŞ CEPHE FİLELİ SIVA İŞLEMİ	ŞİŞLİ	2021
2191	HAKAN APT.	DIŞ CEPHE MANTOLAMA İŞLEMİ	GAYRETTEPE	2021
2192	GÜLİSTAN APT.	DIŞ CEPHE MANTOLAMA İŞLEMİ	ETİLER	2021
2193	TÜRKPETROL VAKFI APT.	DIŞ CEPHE MANTOLAMA İŞLEMİ	FENERYOLU	2021
2194	ZAFER APT.	DIŞ CEPHE MANTOLAMA İŞLEMİ	KURTULUŞ	2021
2195	SAYGILI APT.	DIŞ CEPHE FİLELİ SIVA İŞLEMİ	ETİLER	2021
2196	KARDEŞLER APT.	DIŞ CEPHE MANTOLAMA İŞLEMİ	HARBİYE	2021
2197	GENÇ APT.	DIŞ CEPHE MANTOLAMA VE ÇATI YALITIM İŞLEMİ	ACIBADEM	2021
2198	KİLİMLİ APT.	DIŞ CEPHE FİLELİ SIVA İŞLEMİ	TOPAĞACI	2021
2199	ZÜMRÜT APT.	ÇATI YALITIM İŞLEMİ	FULYA	2021
2200	MAYA SİT. D BL.	DIŞ CEPHE FİLELİ SIVA İŞLEMİ	AKATLAR	2021
2201	TİCARET İŞ MERKEZİ	DIŞ CEPHE MANTOLAMA İŞLEMİ	KURTULUŞ	2021
2202	BORO APT.	DIŞ CEPHE MANTOLAMA İŞLEMİ	FULYA	2021
2203	BASIN SİT. A BL.	ÇATI YALITIM VE İÇ BOYA İŞLEMİ	Y.LEVENT	2021
2204	AKUT MERKEZ BİNASI	DIŞ CEPHE MANTOLAMA İŞLEMİ	ZİNCİRLİKUYU	2021
2205	GÜVEN APT.	DIŞ CEPHE FİLELİ SIVA İŞLEMİ	TEŞVİKİYE	2021
2206	MERİÇ - KONAK APT. A-B-C BL.	DIŞ CEPHE FİLELİ SIVA İŞLEMİ	ETİLER	2021
2207	İDEAL APT.	DIŞ CEPHE MANTOLAMA VE ÇATI YALITIM İŞLEMİ	TOPAĞACI	2021
2208	KADİR HAS VİLLA 1	DIŞ CEPHE MANTOLAMA İŞLEMİ	İSTİNYE	2021
2209	SELİMOĞLU APT.	DIŞ CEPHE MANTOLAMA İŞLEMİ	ERENKÖY	2021
2210	MAYA SİT. U BL.	DIŞ CEPHE ONARIM VE BOYA İŞLEMİ	AKATLAR	2021
2211	YAZNİL APT.	DIŞ CEPHE MANTOLAMA İŞLEMİ	BEŞİKTAŞ	2021
2212	SİVAS APT.	DIŞ CEPHE FİLELİ SIVA İŞLEMİ	BEYOĞLU	2021
2213	5. GZT. SİT. C5 BL.	DIŞ CEPHE FİLELİ SIVA VE YENİ ÇATI YAPIM İŞLEMİ	AKATLAR	2021
2214	5. GZT.SİT. C2 BL.	YENİ ÇATI YAPIM İŞLEMİ	AKATLAR	2021
2215	KAYA APT.	DIŞ CEPHE MANTOLAMA İŞLEMİ	FULYA	2021
2216	ARSLAN - COŞKUN APT.	DIŞ CEPHE MANTOLAMA İŞLEMİ	FULYA	2021
2217	AKSOY APT. B BL.	DIŞ CEPHE ONARIM VE BOYA İŞLEMİ	ETİLER	2021
2218	TURİZM SİT. 4. BL.	DIŞ CEPHE FİLELİ SIVA VE ÇATI YALITIM İŞLEMİ	ULUS	2021
2219	GÖKSU EVLERİ C59 BL.	DIŞ CEPHE MANTOLAMA İŞLEMİ	ANADOLUHİSARI	2021
2220	GÖKSU EVLERİ C28 BL.	ÇATI YALITIM İŞLEMİ	ANADOLUHİSARI	2021
2221	YENİÇERİ APT.	DIŞ, İÇ CEPHE ONARIM, BOYA VE TESİSAT İŞLEMİ	BEŞİKTAŞ	2021
2222	GÜL APT.	DIŞ CEPHE MANTOLAMA İŞLEMİ	BEŞİKTAŞ	2021
2223	ALKENT SİT. MİMOZA 2	DIŞ CEPHE ISONEM MANTOLAMA BOYA İŞLEMİ	AKATLAR	2021
2224	ALKENT PETUNYA	KAPALI GARAJ BOYA İŞLEMİ	AKATLAR	2021
2225	KEMER COUNTRY 43-45-47	DIŞ CEPHE FİLELİ SIVA İŞLEMİ	KEMERBURGAZ	2021
2226	KEMER COUNTRY 56 	DIŞ CEPHE FİLELİ SIVA İŞLEMİ	KEMERBURGAZ	2021
2227	ÖNDER APT.	DIŞ CEPHE FİLELİ SIVA İŞLEMİ	ETİLER	2021
2228	BP KISIKLI BİNASI	ÇATI YALITIM İŞLEMİ	KISIKLI	2021
2229	KONUR APT.	DIŞ CEPHE FİLELİ SIVA İŞLEMİ	ŞİŞLİ	2021
2230	ÖZKÖK APT.	DIŞ CEPHE MANTOLAMA İŞLEMİ	LEVENT	2021
2231	AĞABEY APT.	ÇATI YALITIM İŞLEMİ	MODA	2021
2232	FEZA APT.	DIŞ CEPHE MANTOLAMA İŞLEMİ	MAÇKA	2021
2233	YONCA SİT. 1 BL.	TAŞ YÜNÜ MANTOLAMA, DRENAJ VE ÇATI İŞLEMİ	SARIYER	2021
2234	YONCA SİT. 2.BL.	TAŞ YÜNÜ MANTOLAMA, DRENAJ VE ÇATI İŞLEMİ	SARIYER	2021
2235	YONCA SİT. 3.BL.	TAŞ YÜNÜ MANTOLAMA, DRENAJ VE ÇATI İŞLEMİ	SARIYER	2021
2236	YONCA SİT. 4.BL.	EPS MANTOLAMA, DRENAJ VE ÇATI İŞLEMİ	SARIYER	2021
2237	YONCA SİT. 5.BL.	DIŞ CEPHE FİLELİ SIV , DRENAJ VE ÇATI İŞLEMİ	SARIYER	2021
2238	YONCA SİT. 6.BL.	TAŞ YÜNÜ MANTOLAMA, DRENAJ VE ÇATI İŞLEMİ	SARIYER	2021
2239	YONCA SİT. 7.BL.	TAŞ YÜNÜ MANTOLAMA, DRENAJ VE ÇATI İŞLEMİ	SARIYER	2021
2240	YONCA SİT. 8.BL.	TAŞ YÜNÜ MANTOLAMA, DRENAJ VE ÇATI İŞLEMİ	SARIYER	2021
2241	YONCA SİT. 9.BL.	TAŞ YÜNÜ MANTOLAMA, DRENAJ VE ÇATI İŞLEMİ	SARIYER	2021
2242	ŞEVKET PAŞA APT.	DIŞ CEPHE MANTOLAMA İŞLEMİ	MAÇKA	2021
2243	OCAK APT.	DIŞ CEPHE FİLELİ SIVA İŞLEMİ	ŞİŞLİ	2021
2244	DUYGU APT.	DIŞ CEPHE MANTOLAMA İŞLEMİ	ETİLER	2021
2245	MEVSİM APT. 	DIŞ CEPHE MANTOLAMA İŞLEMİ	ŞİŞLİ	2022
2246	DERYA APT. 	DIŞ CEPHE FİLELİ SIVA İŞLEMİ	GAYRETTEPE	2022
2247	ARCADE HOTEL  BİNASI	DIŞ CEPHE FİLELİ SIVA İŞLEMİ	OSMANBEY	2022
2248	DİLA BEZMEN VİLLA	DIŞ CEPHE ONARIM VE BOYA İŞLEMİ	GÖKTÜRK	2022
2249	DEMİRPINAR APT. 	DIŞ CEPHE MANTOLAMA İŞLEMİ	BEŞİKTAŞ	2022
2250	ŞEFİKA HN. APT. 	ÇATI YALITIM İŞLEMİ	MALTEPE	2022
2251	CARTOON HOTEL BİNASI	DIŞ CEPHE MANTOLAMA İŞLEMİ	TAKSİM	2022
2252	EDA APT. 	DIŞ CEPHE MANTOLAMA İŞLEMİ	KAVACIK	2022
2253	PINAR APT. 	ÇATI YALITIM İŞLEMİ	ÇAMLICA	2022
2254	AYHAN DORUK VİLLA	DIŞ CEPHE MANTOLAMA İŞLEMİ	MORDOĞAN	2022
2255	SEDEN APT. 	DIŞ CEPHE FİLELİ SIVA İŞLEMİ	ARNAVUTKÖY	2022
2256	AĞABEY APT. 	DIŞ CEPHE MANTOLAMA İŞLEMİ	MODA	2022
2257	MURAT APT. 	ÇATI YALITIM İŞLEMİ.	BEYLERBEYİ	2022
2258	MÜNEVVER KONAK APT. 	DIŞ CEPHE MERMER VE FİLELİ SIVA İŞLEMİ	BEBEK	2022
2259	AŞÇIOĞLU APT. 	DIŞ CEPHE MANTOLAMA İŞLEMİ	NİŞANTAŞI	2022
2260	SEÇKİN APT. 	DIŞ CEPHE MANTOLAMA İŞLEMİ	NİŞANTAŞI	2022
2261	MARTI APT. 	DIŞ CEPHE MANTOLAMA VE TERAS YALITIM İŞLEMİ	RUMELİHİSARI	2022
2262	HUKUKÇULAR SİT.	DIŞ CEPHE FİLELİ SIVA İŞLEMİ	MECİDİYEKÖY	2022
2263	YALI APT. 	DIŞ CEPHE FİLELİ SIVA İŞLEMİ	BEBEK	2022
2264	VİLLA AMBER ÇİÇEĞİ	DIŞ CEPHE MANTOLAMA VE DRENAJ  İŞLEMİ	ZEKERİYAKÖY	2022
2265	DİLAN SİT. B3 BL. 	DIŞ CEPHE MANTOLAMA İŞLEMİ	MECİDİYEKÖY	2022
2266	GÜN APT. 	DIŞ CEPHE MANTOLAMA İŞLEMİ	MECİDİYEKÖY	2022
2267	ENGİN APT. 	DIŞ CEPHE MANTOLAMA VE ÇATI YALITIM İŞLEMİ	ŞİŞLİ	2022
2268	MEMORİAL HASTANESİ 	DIŞ CEPHE FİLELİ SIVA İŞLEMİ	ANTALYA	2022
2269	KEMER COUNTRY BATI YOLU 41	DIŞ CEPHE ONARIM VE BOYA İŞLEMİ	KEMERBURGAZ	2022
2270	KEMER COUNTRY SEDİR KAZAN 1- 60 	DIŞ CEPHE FİLELİ SIVA İŞLEMİ	KEMERBURGAZ	2022
2271	KEMER COUNTRY GÜNEY Y. 60-62-64 	DIŞ CEPHE ONARIM VE BOYA İŞLEMİ	KEMERBURGAZ	2022
2272	MARDİNLİ APT. 	DIŞ CEPHE ONARIM, BOYA VE ÇATI YALITIM İŞLEMİ	NİŞANTAŞI	2022
2273	YAŞAM APT. 	DIŞ CEPHE MANTOLAMA İŞLEMİ	GAYRETTEPE	2022
2274	NEŞE APT. 	DIŞ CEPHE MANTOLAMA İŞLEMİ	LEVENT	2022
2275	MAYA SİT. C BL.	DIŞ CEPHE ONARIM, BOYA VE ÇATI YALITIM İŞLEMİ	AKATLAR	2022
2276	ÇIPA APT. 	DIŞ CEPHE FİLELİ SIVA İŞLEMİ	KALAMIŞ	2022
2277	KAMER SİT. 16. BL.	ÇATI YALITIM İŞLEMİ	ULUS	2022
2278	GÜL APT. (İŞ BANKASI)	DIŞ CEPHE FİLELİ SIVA İŞLEMİ	BEBEK	2022
2279	MARTI SİT. 3A BL.	DIŞ CEPHE MANTOLAMA İŞLEMİ	USKUMRUKÖY	2022
2280	MARTI SİT. 3D BL.	DIŞ CEPHE MANTOLAMA İŞLEMİ	USKUMRUKÖY	2022
2281	CUMHURİYET CAD. NO:87 APT. 	DIŞ CEPHE FİLELİ SIVA İŞLEMİ	ELMADAĞ	2022
2282	ŞENYÜZ APT. 	DIŞ CEPHE ONARIM VE BOYA İŞLEMİ	ŞİŞLİ	2022
2283	GENÇER APT. 	DIŞ CEPHE MANTOLAMA İŞLEMİ	ŞİŞLİ	2022
2284	4. GZT. SİT C1 BL.	DIŞ CEPHE FİLELİ SIVA İŞLEMİ	AKATLAR	2022
2285	THY SİT. E1-E2 BL.	DIŞ CEPHE FİLELİ SIVA VE ÇATI YALITIM İŞLEMİ	ULUS	2022
2286	GRİŞTİ APT.	DIŞ CEPHE RESTORASYON VE BOYA İŞLEMİ	OSMANBEY	2022
2287	ÇINARCIK APT.	DIŞ CEPHE MANTOLAMA İŞLEMİ	NİŞANTAŞI	2022
2288	PETEK APT. 	DIŞ CEPHE FİLELİ SIVA İŞLEMİ	ETİLER	2022
2289	ARBATLI APT. 	DIŞ CEPHE MANTOLAMA İŞLEMİ	NİŞANTAŞI	2022
2290	EMEL PALAS APT. 	DIŞ CEPHE ONARIM VE BOYA İŞLEMİ	NİŞANTAŞI	2022
2291	AKSOY APT. A BL.	DIŞ CEPHE FİLELİ SIVA İŞLEMİ	ETİLER	2022
2292	TELLİOĞLU APT. 	DIŞ CEPHE MANTOLAMA İŞLEMİ	MECİDİYEKÖY	2022
2293	ENGİN APT. 	ÇATI YALITIM İŞLEMİ	BEBEK	2022
2294	BORA MENGİ VİLLA	DIŞ CEPHE MANTOLAMA İŞLEMİ	USKUMRUKÖY	2022
2295	KAVACIK LOFT	DIŞ CEPHE MANTOLAMA İŞLEMİ	KAVACIK	2022
2296	ÜÇGEN APT. 	DIŞ CEPHE MANTOLAMA İŞLEMİ	MAÇKA	2022
2297	ÇAM APT. 	DIŞ CEPHE MANTOLAMA İŞLEMİ	ETİLER	2022
2298	HUKUKÇULAR SİTESİ	ZEMİN VE GARAJ YALITIM İŞLEMİ	MECİDİYEKÖY	2022
2299	NİYAGARA APT. 	DIŞ CEPHE MANTOLAMA İŞLEMİ	NİŞANTAŞI	2022
2300	DONAY YALI	AHŞAP YALI RESTORASYON VE BOYA İŞLEMİ	ARNAVUTKÖY	2022
2301	KIR APT.	DIŞ CEPHE MANTOLAMA İŞLEMİ	ULUS	2022
2302	TANGÖZE APT.	DIŞ CEPHE MANTOLAMA İŞLEMİ	NİŞANTAŞI	2023
2303	DAĞ APT.	DEPREM GÜÇLENDİRME İŞLEMİ	ULUS	2023
2304	KÖŞE APT.	DIŞ CEPHE ONARIM BOYA İŞEMİ	KURTULUŞ	2023
2305	TULÇA APT.	DIŞ CEPHE ONARIM BOYA İŞEMİ	BEBEK	2023
2306	PROF. DR. HALİL AZİZLERLİ BİNASI	DIŞ CEPHE ONARIM BOYA İŞEMİ	BAHÇEŞEHİR	2023
2307	BÜYÜKHANLI SİTESİ	BETON GARAJ RAMPASI YAPIMI VE YALITIM İŞLEMİ	LEVENT	2023
2308	CANDAN FETVACI BİNASI	DIŞ CEPHE ONARIM VE BOYA İŞLEMİ	GÜMÜŞSUYU	2023
2309	BEREKET APT.	DIŞ CEPHE ONARIM VE BOYA İŞLEMİ	PANGALTI	2023
2310	KURAY APT.	DIŞ CEPHE GÜÇLENDİRME, ONARIM VE BOYA İŞLEMİ	GÜMÜŞSUYU	2023
2311	ARZU 1 APT.	DIŞ CEPHE MANTOLAMA İŞLEMİ	RUMELİHİSARI	2023
2312	FAİKPAŞA APT.	DIŞ CEPHE FİLELİ SIVA İŞLEMİ	BEYOĞLU	2023
2313	TEZGÖREN APT.	TERAS YALITIM İŞLEMİ	NİŞANTAŞI	2023
2314	ALTIN APT.	DIŞ CEPHE GÜÇLENDİRME VE FİLELİ SIVA İŞLEMİ	GAYRETTEPE	2023
2315	ÇAM APT.	DIŞ CEPHE FİLELİ SIVA VE DRENAJ İŞLEMİ	ETİLER	2023
2316	MAYA SİT. 13. BL.	DIŞ CEPHE GÜÇLENDİRME VE FİLELİ SIVA İŞLEMİ	ETİLER	2023
2317	ÇEYREKOĞLU APT.	DIŞ CEPHE FİLELİ SIVA İŞLEMİ	NİŞANTAŞI	2023
2318	ÇINAR APT.	DIŞ CEPHE GÜÇLENDİRME VE FİLELİ SIVA İŞLEMİ	NİŞANTAŞI	2023
2319	NET HOLDİNG MERKEZ BİNASI	DIŞ CEPHE FİLELİ SIVA İŞLEMİ	ETİLER	2023
2320	KEMER COUNTRY Y.BOYU 35	DIŞ CEPHE ONARIM, BOYA, AHŞAP VE ÇATI YALITIM	GÖKTÜRK	2023
2321	MESA GÖKTÜRK EVLERİ 	30 BLOK DIŞ CEPHE FİLELİ SIVA VE ÇATI YALITIM İŞL.	GÖKTÜRK	2023
2322	KEMER COUNTRY LALE KASRI 	6 BLOK DIŞ CEPHE ONARIM, BOYA, AHŞAP VE ÇATI 	GÖKTÜRK	2023
2323	MEMORİAL ŞİŞLİ EK BİNA	DIŞ CEPHE FİLELİ SIVA İŞLEMİ	ŞİŞLİ	2023
2324	KOSOVA APT.	DIŞ CEPHE MANTOLAMA İŞLEMİ	ETİLER	2023
2325	SANTUR NO:13 BİNA	DIŞ CEPHE FİLELİ SIVA İŞLEMİ	BEYOĞLU	2023
2326	EĞLENCE NO:2 BİNA	DIŞ CEPHE FİLELİ SIVA İŞLEMİ	ARNAVUTKÖY	2023
2327	KEMER COUNTRY SEDİR 62	DIŞ CEPHE ONARIM, BOYA, AHŞAP VE ÇATI YALITIM	GÖKTÜRK	2023
2328	ÜNSAL APT.	DIŞ CEPHE FİLELİ SIVA İŞLEMİ	ORTAKÖY	2023
2329	ARZU ODABAŞI BİNASI	DIŞ CEPHE FİLELİ SIVA, DRENAJ VE ÇATI YALITIM İŞL.	YENİKÖY	2023
2330	OCAK APT.	ARKA CEPHE FİLELİ SIVA BOYA İŞLEMİ	OSMANBEY	2023
2331	KEMERKÖY YALIKONAK 12-14	DIŞ CEPHE FİLELİ SIVA VE ÇATI YALITIM İŞLEMİ	GÖKTÜRK	2024
2332	ALİ BEY APT.	DIŞ CEPHE FİLELİ SIVA İŞLEMİ	BEYLİKDÜZÜ	2024
2333	SUMRU APT.	DIŞ CEPHE ONARIM, BOYA VE ÇATI YALITIM İŞLEMİ	ŞİŞLİ	2024
2334	SARAL SİT. A1 BL.	BİNA GÜÇLENDİRME İŞLEMİ	GAYRETTEPE	2024
2335	KAYA ALP APT.	DIŞ CEPHE MANTOLAMA İŞLEMİ	NİŞANTAŞI	2024
2336	NARİN APT.	DIŞ CEPHE FİLELİ SIVA İŞLEMİ	NİŞANTAŞI	2024
2337	ÜSTÜNEL APT.	DIŞ CEPHE FİLELİ SIVA VE İÇ BOYA İŞLEMİ	NİŞANTAŞI	2024
2338	MAYA SİTESİ 13.BL.	DIŞ CEPHE MANTOLAMA İŞLEMİ	ETİLER	2024
2339	ALKENT SİTESİ  BEGONYA 3	ÇATI YALITIM İŞLEMİ	ETİLER	2024
2340	PİRELLİ APT.	DIŞ CEPHE ONARIM, BOYA VE GÜÇLENDİRME İŞL.	4.LEVENT	2024
2341	KONAK APT.	DIŞ CEPHE ONARIM VE BOYA İŞLEMİ	ŞİŞLİ	2024
2342	ZÜMRÜT APT.	BİNA GÜÇLENDİRME İŞLEMİ	ORTAKLAR	2024
2343	KEMERVİLLE SİTESİ	DIŞ CEPHE AHŞAP ONARIM VE BOYA İŞLEMİ	KEMERBURGAZ	2024
2344	FARUK TAN İNŞ. MEHMET CAN YAVUZ	DIŞ CEPHE MANTOLAMA İŞLEMİ	ETİLER	2024
2345	KÜÇÜK BAYIR 56 APT.	DIŞ CEPHE FİLELİ SIVA İŞLEMİ	ŞİŞLİ	2024
2346	AKIN EVLERİ SİTESİ	DIŞ CEPHE ONARIM VE BOYA İŞLEMİ	BAHÇEKÖY	2024
2347	ALKENT SİTESİ  MİMOZA 3	DIŞ CEPHE ONARIM VE BOYA İŞLEMİ	ETİLER	2024
2348	SABA APT.	BİNA GÜÇLENDİRME İŞLEMLERİ	BEBEK	2024
2349	ÇAYHAN APT.	DIŞ CEPHE ONARIM VE MANTOLAMA İŞL.	KURUÇEŞME	2024
2350	ALKENT SİTESİ  GARDENYA 4	DIŞ CEPHE ONARIM - BOYA İŞL.	ETİLER	2024
2351	BOĞAZİÇİ APT. 	BİNA İÇ BOYA ZEMİN  GÜÇLENDİRME İŞL.	ORTAKÖY	2024
2352	UZAY APT.	DIŞ CEPHE ONARIM FİLELİ SIVA-BOYA İŞL.	KURTULUŞ	2024
2353	İLETİM ŞARK HAN	DIŞ CEPHE ONARIM RESTORASYON -BOYA İŞL.	KARAKÖY	2024
2354	HARNUP EVLERİ 	2 BLOK TAŞ BİNA İNŞAATI YAPIMI	BODRUM	2024
2355	TİO TERAPHİA EVLERİ SİTESİ	DIŞ CEPHE KOMPOZİT KAPLAMA İŞLEMLERİ	TARABYA	2024
2356	MARTI SİTESİ 3 D BLOK	DIŞ- İÇ CEPHE ONARIM - BOYA İŞL.	ZEKERİYAKÖY	2024
2357	YENİ ÇAMLIK EVLERİ NO 58	DIŞ CEPHE ONARIM VE MANTOLAMA İŞL.	TARABYA	2024
2358	MİMARLAR  APT.	DIŞ CEPHE MANTOLAMA-İÇ CEPHE BOYA İŞL.	ORTAKLAR	2024
2359	ASMALIMESCİT NO 28	DIŞ CEPHE RESTORASYON -BOYA İŞL.	BEYOĞLU	2024
2360	ARMAĞAN APT.	DIŞ CEPHE ONARIM FİLELİ SIVA-BOYA İŞL.	MAÇKA	2024
2361	SADIKOĞLU APT.	BİNA ZEMİN KOLON GÜÇLENDİRME İŞLEMİ	BOSTANCI	2024
2362	PALMİYE APT.	ÇATI ONARIM VE YALITIM İŞLEMİ	KADIKÖY	2024
2363	BOĞAZİÇİ SİTESİ 	DIŞ CEPHE MANTOLAMA ÇATI - TERAS İŞL.	YENİKÖY	2024
2364	AS APT.	DIŞ CEPHE ONARIM - MANTOLAMA BOYA İŞL.	ŞİŞLİ	2024
2365	DOĞANAY APT.	TERAS SÖKÜM ONARIM YALITIM İŞLEMİ	ARNAVUTKÖY	2024
2366	MESA KEMERBURGAZ SİTESİ	32 BLOK İÇ CEPHE ONARIM BOYA İŞL.	GÖKTÜRK	2024
2367	AYDIN APT.	AHŞAP DIŞ CEPHE RESTORASYON -BOYA İŞL.	NİŞANTAŞI	2024
2368	KORTEL SİT. KORU APT.	DIŞ CEPHE ONARIM FİLELİ SIVA-BOYA İŞL.	BEBEK	2024
2369	KEMER COUNTRY 29-31-33 BL.	KOMPLE ÇATI ONARIM VE YALITIM İŞLEMİ	GÖKTÜRK	2024
2370	FARUK TAN İNŞ.AŞ.	İNŞAAT DIŞ CEPHE MANTOLAMA İŞLEMİ	ETİLER	2024
2371	ŞİRİN APT.	BİNA GÜÇLENDİRME İŞLEMLERİ	NİŞANTAŞI	2024
2372	KEMER COUNTRY 13-15-17 BL.	DIŞ CEPHE ONARIM - BOYA-ÇATI YALITIM İŞL.	GÖKTÜRK	2024
2373	DEFNE APT.	KOMPLE BİNA GÜÇLENDİRME İŞLEMLERİ	BEBEK	2024
2374	İSTANBLOOM 	TERAS SÖKÜM ONARIM YALITIM İŞLEMİ	ZİNCİRLİKUYU	2024
2375	BAHAR APT.	BİNA ZEMİN-BAHÇE YALITIM İŞLEMİ	ETİLER	2024
2376	SEÇKİN APT.	DIŞ CEPHE ONARIM FİLELİ SIVA-BOYA İŞL.	NİŞANTAŞI	2024
2377	GÜNEŞ APT.	DIŞ CEPHE ONARIM FİLELİ SIVA-BOYA İŞL.	NİŞANTAŞI	2025
2378	AKAN GRUP	TERAS- ÇATI ONARIM YALITIM İŞLEMİ	HADIMKÖY	2025
2379	BÜYÜKHANLI LEVENT SİTESİ	KOLON-DUVAR VE GÜÇLENDİRME İŞLEMLERİ	LEVENT	2025
2380	ALKENT SİT.BEGONYA 3 BLOK	DIŞ CEPHE ONARIM  SIVA-BOYA İŞL.	ETİLER	2025
2381	ALKENT SİT.BEGONYA 1 BLOK	DIŞ CEPHE ONARIM  SIVA-BOYA İŞL.	ETİLER	2025
2382	PARKMAYA SİT.ASTOR 1 BLOK	DIŞ CEPHE ONARIM  SIVA-BOYA İŞL.	ETİLER	2025
2383	TAMAR APT.	DIŞ CEPHE ONARIM MANTOLAMA BOYA İŞL.	NİŞANTAŞI	2025
2384	SADIKOĞLU APT.	DIŞ CEPHE ONARIM  SIVA-BOYA İŞL.	BOSTANCI	2025
2385	KARACALARLI APT.	DIŞ CEPHE ONARIM MANTOLAMA İŞL.	NİŞANTAŞI	2025
2386	MAPA BİNASI	DIŞ CEPHE ONARIM  SIVA-BOYA İŞL.	SEYRANTEPE	2025
2387	TAN SOK. 41	DIŞ CEPHE ONARIM  SIVA-BOYA İŞL.	EMİRGAN	2025
2388	YAMAÇ APT.	DIŞ CEPHE ONARIM  SIVA-BOYA İŞL.	İSTİNYE	2025
2389	AKAL SİT.A BLOK	CEPHE MERMER SÖKÜM,FİLELİ SIVA-BOYA İŞL.	AKATLAR	2025
2390	BADE APT.	DIŞ CEPHE ONARIM  SIVA-BOYA İŞL.	ARNAVUTKÖY	2025
2391	MODERN APT.	DIŞ CEPHE RESTORASYON VE BOYA İŞL.	TEŞVİKİYE	2025
2392	YENİAY APT.	DIŞ CEPHE ONARIM MANTOLAMA BOYA İŞL.	BEYKOZ	2025
2393	ESEN APT.	DIŞ CEPHE ONARIM  SIVA-BOYA VE ÇATI İŞL.	BEŞİKTAŞ	2025
2394	MİTHAT TEKSTİL	DIŞ CEPHE ONARIM  SIVA-BOYA İŞL.	BOMONTİ	2025
2395	AYDIN SİT. C5 BLOK 	DIŞ CEPHE ONARIM  SIVA-BOYA İŞL.	LEVAZIM	2025
2396	DURAK APT.	DIŞ CEPHE ONARIM SIVA-BOYA İŞL.	NİŞANTAŞI	2025
2397	ALİ VAFİ KORUSU TAŞ BİNA	DIŞ CEPHE RESTORASYON İŞLEMİ	KURUÇEŞME	2025
2398	ALİ VAFİ KORUSU ÜST BİNA	DIŞ CEPHE RESTORASYON İŞLEMİ	KURUÇEŞME	2025
2399	ALİ VAFİ ANA KÖŞK BİNASI	DIŞ CEPHE RESTORASYON İŞLEMİ	KURUÇEŞME	2025
2400	NEŞE APT.	DIŞ-İÇ CEPHE ONARIM  SIVA-BOYA İŞL.	BEYOĞLU	2025
2401	GÜMÜLCİNELİ APT.	DIŞ CEPHE VE TERAS ONARIM  SIVA-BOYA İŞL.	ŞİŞLİ	2025
2402	ÇINAR APT.	DIŞ-İÇ CEPHE ONARIM SIVA-BOYA İŞL.	İSTİNYE	2025
2403	ÖZLEM APT.	DIŞ CEPHE ONARIM MANTOLAMA BOYA İŞL.	KOZYATAĞI	2025
2404	GEZİN APT.	DIŞ CEPHE ONARIM GÜÇLENDİRME İŞL.	GAYRETTEPE	2025
2405	BAYKAL APT.	DIŞ CEPHE ONARIM GÜÇLENDİRME İŞL.	MAÇKA	2025
2406	TUĞRUL APT.	DIŞ CEPHE ONARIM GÜÇLENDİRME BOYA İŞL.	NİŞANTAŞI	2025
2407	BELDE APT.	ÇATI TERAS ONARIM VE YALITIM İŞLEMİ	ŞİŞLİ	2025
2408	KANTARCIOĞLU APT.	DIŞ CEPHE ONARIM MANTOLAMA BOYA İŞL.	BEŞİKTAŞ	2026
2409	OCAK APT.	BİNA GÜÇLENDİRME VE DREANJ İŞL.	OSMANBEY	2026
2410	İNAN APT.	DIŞ CEPHE ONARIM MANTOLAMA BOYA İŞL.	BEŞİKTAŞ	2026
2411	ADALET VE TABABET SİTESİ	BETONARME İSTİNAT DUVARLARI YAPILMASI	TARABYA	2026
2412	MEHTAP APT.	DIŞ CEPHE ONARIM MANTOLAMA BOYA İŞL.	ARNAVUTKÖY	2026
2412	YAMAÇ APT.	DIŞ CEPHE ONARIM FİLELİ SIVA İŞL.	BEBEK	2026
2413	HALİÇ APT.	TARİHİ BİNA RESTORASYON VE BOYA İŞLEMİ	ŞİŞHANE	2026 bu kısımları bir kaçını ekledik sanırım şimdi hepsini ekle referasnalr kısmına filtremelerde çalışşsın